"AU","AF","TI","SO","DE","ID","AB","C1","CR","NR","TC","J9","PY","VL","BP","SC","UT","IU","DP"
"張庭炎","Ting-Yen Chang","整合學習歷程檔案分析與學習表現評量之系統設計與實作","國立高雄應用科技大學","學習歷程檔案; 標準分數; 學習分數; 學習歷程分析",,"學習歷程檔案代表著學生多元能力的展現，為了讓學生可以更方便蒐集、建立與管理大學四年的學習歷程檔案，本研究設計了一個電子化學習歷程檔案系統，在系統中，為了讓學生能清楚瞭解自己在校訂核心能力指標的表現，本研究採用資訊視覺化的概念，將學生所修課程的成績換算後，以雷達圖的方式呈現。然而，這些修課的成績大部份皆是以測驗及作業的分數為主，如此並不能真實呈現成績在各項對應能力的表現，尤其在多元智慧理論日受重視的情形下，評定學生學習成效的方式不應只是測驗與作業成績，學生對課程參與及努力程度的學習歷程亦是另一種能力的表現。在目前仍是以傳統面授教學為主的課程中，教師要記錄這些學習歷程不但費時，也不容易評量，因此，本研究設計了一個教學輔助子系統，協助教師記錄學生的學習歷程，並使用標準分數與線性轉換的方式量化，除了減輕教師負擔，也可提供教師做為形成性評量與總結性評量的參考。為了讓教師即時掌握學生的學習情形，做為適性化教學的參考，本研究提出並定義一個可以代表學習情形的學習分數來進行學習歷程分析，將學生量化後的學習歷程換算成學習分數，做為期中學生學習成效的預警機制，提供教師實施輔導，或做為期末評定學期成績的參考依據。經由運用在實際教學的實驗結果，發現此一學習分數在一定的分組標準下，平均預測學習成效低落學生的正確率可達89%。
","Taiwan","張善楠, 2008, 大學教了沒？：哈佛校長提出的8門課, , ; 余民寧, 1995, 心理與教育統計學, , ; 吳信賢 , 2000, 非同步網路教學系統之發展及學習歷程檔案, , ; 吳若已, 2004, e化學習歷程檔案在隔空教育之應用, , ; 李秉乾, 2008, e-Portfolio教與學歷程檔案, , ; 李建儒, 2008, 數位學習者人格特質、自我導向學習與學習成效之關係研究, , ; 辛慶偉, 1998, 國小自然科卷宗評量建構效度之探究, , ; 林孟鴻, 2001, 應用歷程檔案建立網路學習輔助機制, , ; 林政斌, 2001, 線上學習代理人之分析與設計, , ; 林珊如, 2000, 網路化學習歷程與同儕互評系統之建構經驗, , ; 林清山, 1992, 心理與教育統計學, , ; 林凱胤, 2005, 運用Blog於師資培育之探討, , ; 林麗真, 2006, 集體學習歷程檔案運用在國中數學錯誤類型及學習成效之研究─以部落格為平台, , ; 姚德瑜, 2001, 網路教學之學習行為對學習效果之影響, , ; 施婉菁 , 1999, 卷宗評量中師生觀點的展露─以國小自然科為例, , ; 倪家祥, 2001, 以網站行為的歷程建立具時間性學習者模式, , ; 國民教育社群網, 2009, 97年國民中小學課程綱要, , ; 康自立, 1982, 工業職業教育能力本位課程發展之理論與實務, , ; 張美玉, 1996, 歷程檔案評量再建構教學之應用：一個科學的實徵研究, , ; 張時力, 2005, 特徵化線上學習活動診系統, , ; 張基成, 2007, 學習歷程檔案, , ; 張基成, 2006, 能力本位網路學習系統之發展、實施與成效評估, , ; 張基成, 2000, 網路化學習歷程檔案系統之建構與評鑑─一個電子化的真實性學習評量工具, , ; 張琬翔, 2009, 網路化歷程檔案在師資培育的應用, , ; 張錦松, 2004, 以代理人為架構實作於學習端之學習歷程分析, , ; 陳一明, 2006, 網路自學模式與傳統自學模式比較研究, , ; 陳年興, 2001, 網路學習之學習行為與學習成效分析, , ; 陳芸霈, 2004, 從學習歷程記錄檔動態建構決策法則以支援適性化教學, , ; 陳香蘭, 2008, 教師建置部落格應用於電腦軟體應用實習課程學習成效之研究, , ; 陳得利, 2001, 網路化歷程檔案系統之設計與實作, , ; 陳聖模, 1998, 「檔案」在師資培育上的應用, , ; 童宜慧, 1999, 網路化學習歷程檔案系統之建構與實施, , ; 黃秀文, 1996, 從傳統到變通：教學評量的省思, , ; 黃耿鐘, 2002, 網路學習檔案評量系統及學習檔案成效指標之分析研究, , ; 鄒慧英, 2000, 多元化的檔案評量, , ; 廖聖傑, 2003, 從學習歷程檔案建構決策樹以支援網路教學, , ; 劉惠如, 1999, 整合式網路教學之教學設計與評量, , ; 蔡旻芳 , 2001, 網路學習之學習歷程分析系統, , ; 鄭雅文 , 2002, 網路化反省思考學習歷程檔案的設計與應用, , ; 戴良育, 2006, Blog在學習歷程檔案上的應用—以高中職為例, , ; 謝朝鐘, 2008, 大葉大學通識教育課程改革之理念與實施－以「能力本位」建立的新制課程, , ; 鍾宜智, 2001, 自我導向學習傾向對非同步遠距學習影響之研究, , ; 藍友烽, 2008, 以期望理論為基礎誘發學生參與線上課程討論之研究, , ",,0,,2009,0,86,,"1","國立高雄應用科技大學",
"陳關弘","Guan-Hong Chen","國小六年級學童對部落格應用於學習歷程檔案系統之科技接受度","高雄師範大學","部落格; 學習歷程檔案; 科技接受模式2",,"部落格是個人可以自由創作發表，具備互動與使用簡易等特性的線上個人日誌型態網站。部落格在教學應用上，能做為課程管理工具或師生交流的平台，其文章依時間順序排列的特性，亦非常適合做為電子化學習歷程檔案系統。
本研究旨在以部落格系統建置一套網路化學習歷程檔案平台，以高雄市某國小六年級學童為研究對象，課程教學內容為「PowerPoint 2003」。研究援引延伸的科技接受模式（TAM2）建立理論架構，使用問卷調查瞭解學生實際使用的情形，總計發放了320份問卷，回收有效問卷305份，經由SPSS統計軟體分析。主要研究發現有：
一、主觀規範、工作關聯、輸出品質、結果展示性及認知易用性對國小學童在學習歷程檔案系統的認知有用性有顯著影響。
二、主觀規範及認知有用性對國小學童在學習歷程檔案系統的使用意圖有顯著影響。
三、所提出之研究模式適用於衡量學習歷程檔案系統的接受度。
","Taiwan","毛向輝, 2004, Blog將成為教育中的重要工具, , ; 吳明隆, 2005, SPSS與統計應用分析, , ; 希瑞爾．菲飛特, 2006, 誰沒部落格！, , ; 李鍵壕, 2004, 高雄市公務人員對知識管理系統之科技接受度, , ; 卓宜青, 2001, 網路化學習歷程檔案系統及同儕評量, , ; 周立軒, 2005, 網誌的使用者與使用行為之研究, , ; 岳修平, 2000, 電子化學習歷程檔案實施之態度研究, , ; 林克寰, 2004, 妳不能不知道的部落格, , ; 林珊如, 2000, 網路化學習歷程與同儕互評系統之建構經驗, , ; 林淑美, 2004, Blog 在課後輔導之應用, , ; 施宏彬, 2002, 以TAM理論為基礎實證網路購物行為模式, , ; 洪淑芬, 2005, 部落格之特質與發展現況-應用於圖書館服務之探討, , ; 胡婉玲, 2006, 行動數位電視接受度之實證研究-整合動機論觀點, , ; 晁瑞明, 2006, Blog輔助情境學習下學習者滿意度及知識分享意願之研究─以科技接受模型及自我效能探討之, , ; 張基成, 2000, 一個架構於全球資訊網上的電子化學習歷程檔案, , ; 莊雪華, 2006, 結合電子歷程檔案模式之網路部落格設計與發展－以教育實習為例, , ; 陳得利, 2002, 網路化歷程檔案系統之設計與實作, , ; 陳順孝, 2006, 部落格在教育上的運用, , ; 曾江合, 2003, 網路化個人及團體學習歷程檔案系統之建置與評估, , ; 游雅慧, 2005, 部落格使用者接受度之研究—以彰化縣中小學教師為例, , ; 維基百科, 2007, 網誌, , ; 蔡旻芳, 2001, 網路學習之學習歷程檔案分析系統, , ; 鄭雅文 , 2002, 網路化反省思考學習歷程檔案的設計與應用, , ; 戴良育, 2005, Blog在學習歷程檔案上的應用—以高中職為例, , ; 蘇伯方, 2003, 即時傳訊軟體採用模式之研究, , ",,5,,2007,0,80,,"10","高雄師範大學",
"林麗貞","Li-Chen Lin","集體學習歷程檔案運用在國中數學錯誤類型及學習成效之研究─以部落格為平台","雲林科技大學","錯誤類型; 集體學習歷程檔案; 部落格",,"本研究旨在探討以部落格集體學習歷程檔案方式來呈現學生在解題歷程中的錯誤類型，澄清學習時所可能產生的迷思，進而探討集體學習歷程檔案對學生的學習態度與學習成效的影響。本研究以台中縣某國中一年級一個班級31名學生為研究樣本，運用部落格為平台，取得學生學習數學錯誤類型的過程與想法等相關資料。採文獻探討、問卷調查與單一組別前後測設計並兼採質性分析進行研究。研究結果與發現分述如下：
一、一元一次方程式錯誤類型與錯誤原因分析
（一）缺乏以「文字符號的列式」的能力而產生的錯誤類型
（二）缺乏以「代數式所表示的值」的計算能力而產生的錯誤類型
（三）缺乏「文字符號的簡記與合併」的能力而產生的錯誤類型
（四）欠缺解「一元一次方程式」的基本能力而產生的錯誤類型
（五）欠缺解「一元一次方程式的應用」的能力而產生的錯誤類型
二、不同能力水準學生在數學解題歷程中的錯誤類型有顯著差異。
三、集體學習歷程檔案對學生在數學學習態度、部落格學習環境、數學學習成就上的成效有著正向的影響。
四、學生對於部落格運用在集體學習歷程檔案有正向的態度。
    最後研究者根據研究得結果與發現，提出相關建議，以作為未來教學或相關研究之參考。
","Taiwan","王如敏, 2004, 國二學生解一元一次方程式錯誤類型分析研究, , ; 吳明隆, 2003, SPSS 統計應用實務, , ; 李同立, 2002, 網路化學習歷程檔案在國小主題教學之研究, , ; 李侑政, 2002, 數位化卷宗評量系統之發展及在國小自然科教學應用之研究, , ; 林敏雪, 1997, 國中二年級數學方程式表徵及解題困難學生之研究, , ; 林清山, 1994, 國中生代數應用題教學策略效果之評估, , ; 林朝敏, 2004, 網路學習歷程檔案系統中提供自動化工作日誌支援同儕互評之研究, , ; 林麗雯, 2001, 國中一年級學生學習二元一次聯立方程式的能力發展與其解題的錯誤分析, , ; 林星秀, 2001, 高雄市國二函數課程GSP輔助教學成效之研究, , ; 邱琬婷, 2001, 國民中學數學低成就與國文低成就學生數學解題歷程與錯誤類型之分析, , ; 國立教育研究院籌備處, 2005, 國中數學第一冊教師手冊, , ; 張系國, 2005, 部落格之春, , ; 張玨菁, 2004, 職前教師資訊科技融入教學素養課程實施成效之研究--運用數位化學習歷程檔案, , ; 張基成, 2001, 網路化學習檔案之系統化建構經驗及相關問題探討, , ; 張基成, 2001, 網路化學習歷程於師資培育課程之實施經驗及探討, , ; 教育部, 2001, 中小學生學習與生活概況調查摘要分析, , ; 許清榮, 2005, 利用本體論語言OWL建構以知識管理為基礎網路日誌之研究, , ; 郭姮劭, 2005, Blog部落格私房書, , ; 陳玟秀, 2000, 國民中學資源班學生數學科診斷測驗編製之研究, , ; 陳順孝, 2006, 阿孝札記：部落格在教育上的運用, , ; 陳慧珍, 2001, 南投縣國一男女生對文字符號概念與代數文字題之解題研究, , ; 傅大煜, 2005, 部落格--「We the Media」時代來臨, , ; 彭星瑞, 2004, 網路化學習歷程檔案評量系統對專題導向學習成效之影響, , ; 曾江合, 2003, 網路化個人及團體學習歷程檔案系統之建置與評估, , ; 游榮祥, 2001, 國小高年級自然科實施電子化歷程檔案之行動研究, , ; 黃耿鐘, 2002, 網路學習檔案評量系統及學習檔案成效指標之研究, , ; 黃國禎, 2005, 初探BLOG在企業內部溝通的可行性, , ; 溫明正, 2005, 網路社群新勢力－Blog, , ; 溫嫻靜, 2003, 網路化學習歷程檔案於藝術與人文教學之應用, , ; 鄒景平, 2003, 非正式內容愈見重要, , ; 廖福彥, 2002, 太魯閣族國中生代數學習之研究, , ; 熊波波, 2004, 網路新興勢力─部落格, , ; 劉玉瑩, 2003, 教學網站與網路化歷程檔案融入國中數學教學之研究, , ; 蔡育霖, 2004, 嘉義地區八年級學生一元一次方程式單元錯誤類型之分析研究, , ; 蔡旻芳, 2000, 網路學習之學習歷程分析系統, , ; 蔡垂雄, 2005, 為什麼你要Blog！, , ; 鄭雅文 , 2002, 網路化反省思考學習歷程檔案的設計與應用, , ; 蕭涵丹, 2005, 學習成就與思考風格應用於合作學習分組之研究, , ; 謝孟珊, 2000, 以不同符號表徵未知數對國二學生解方程式表現之探討, , ; 簡芳怡, 1999, 台北地區國二學生的因式分解錯誤類型之研究, , ; 羅榮福, 2003, 國民中學學習障礙學生與普通學生解一元一次方程式問題之比較研究, , ; 藝立協, 2003, Blog部落格線上出版、網路日誌實作, , ; 鑫智數位, 2005, 架設我的部落格王國：Plog建構網誌與相簿, , ",,7,,2006,0,135,,"11","雲林科技大學",
"韓志欽","Chih-chin Han","應用BLOG來提升網路學習歷程檔案反思效益之研究","國立臺南大學","反思日誌; 部落格; 網路學習歷程檔案",,"在當今強調學習者為中心的教育趨勢下，網路學習歷程檔案的模式已打破紙本記錄的桎梏，正可體現學習者完整的學習過程及記錄；然綜觀當今網路學習歷程檔案應用，尚有未盡完善之處，尤其是學習者在學習歷程中的反省思考活動仍欠缺不足。本研究以高雄縣某都會型國小六年級三個班級學生為研究對象，實際建構一套網路學習歷程檔案系統，配合自然與生活科技單元課程學習，提供三組不同的反思機制，來比較學生反思效益。研究結果發現：一、在反思層級提升上，實驗二組顯著優於實驗一組及對照組。二、在社群互動討論中討論區「有效發表篇數」及討論區「瀏覽總時數」上，實驗一、二組皆顯著優於對照組。三、在自然與生活科技學習成就上，實驗一、二組皆顯著優於對照組。四、實驗一、二組的學生對部落格反思機制皆持正向且積極的看法。
","Taiwan","孫鈺凱 , 2001, 網路問題式學習環境建置與學習行為分析之研究, , ; 張基成, 2000, 網路化學習歷程檔案系統之建構與評鑑─一個電子化的真實性學習評量工具, , ; 張基成 , 2001, 網?化學習檔案之系統化建構經驗及相關問題探討, , ; 鄭麗玉 , 1999, 教學評量的改革, , ; 林朝敏 , 2004, 網路學習歷程檔案系統中提供自動化工作日誌支援同儕互評之研究, , ; 李玉斌, 2004,  遠程教育基本理論三紅體系結構研究, , ; 黎加濃 , 2000, 我國學校教學改革中應用現代教育技術的新發展電子作品集, , ; 鄭國志 , 2005, 提供反思機制於網路學習歷程檔案中對學習行為影響之研究, , ; 張麗麗 , 2000, 「什麼樣的檔案才值得…？」─談自主學習檔案的基本要素, , ; 鄭雅文 , 2002, 網路化反省思考學習歷程檔案的設計與應用, , ; 陳得利 , 2002, 網路化歷程檔案系統之設計與實作, , ; 蔡旻芳 , 2001, 網路學習之學習歷程分析系統, , ; 李建億, 2002, 網際網路學習歷程追蹤與對學習成效影響之研究, , ; 林秀娟, 2004, 國小三年級學童自然學習日誌反思特徵之研究, , ; 張基成 , 2001, 網?化學習檔案之系統化建構經驗及相關問題探討, , ; 劉旨峰, 2003, 探討學習回饋分析與網路學習系統滿意度調查之實證研究, , ; 陳聖謨 , 1998, 檔案在師資培育上的應用, , ; 謝甫佩, 2003, 反思的學習策略對電磁概念學習遷移的成效, , ; 曾江合 , 2002, 網路化個人及團體學習歷程檔案系統之建置與評估, , ; 李同立 , 2003, 網路化學習歷程檔案在國小主題教學之研究, , ; 鄧薇先 , 2004, 寫作日誌─行動研究報告, , ",,5,,2006,0,78,,"12","國立臺南大學",
"徐美莉","HSU MEI LI","以小組合作之學習歷程檔案的評量策略探究國小六年級學童「生物繁殖」概念的學習歷程","國立臺北教育大學","合作學習; 學習歷程檔案; 概念改變; 生物繁殖",,"本研究旨在依據建構主義理論，以小組合作之學習歷程檔案的評量策略，進行「生物繁殖」單元教學以探討國小六年級學童「生物繁殖」概念的另有概念、概念改變類型、概念改變機制與概念學習類型。
    本研究以質性研究為主，以台北縣某國小六年級一個班級31位學童為研究對象，研究期間以學童的學習歷程檔案為評量策略，並針對12位學童進行教學前、中、後三次半結構式晤談，深入探究研究對象概念學習的認知歷程，並嘗試對概念改變進行詮釋，研究結果發現：
一、研究對象在「生物繁殖」概念上共持有十四種類屬，36種科學概念與74種另有概念。 另有概念主要來源分成：直覺型29種、經驗型40種、語意型5種。
二、研究對象「生物繁殖」概念改變有以下四種類型：
（一）概念未發生明顯改變：教學前後表層概念與核心概念均符合科學概念，且教學後的 科學概念更加穩固，有129人次（30％）；教學前的迷思概念並未因教學而有所修正，有62人次（14％）。
（二）概念修正型：教學後，學童的迷思概念獲得修正，修正後的表層概念與核心概念均符合科學概念，有155人次（36％）。
（三）概念不完備型：教學後，學童部分的迷思概念獲得修正，但修正後的表層概念與核心概念並未完全符合科學概念，有59人次（14％）。
（四）概念迷思型：教學後，學童部分符合科學概念變成迷思概念，有29人次（7％）。
三、學童「生物繁殖」概念改變機制可分成：以小組合作學習為主的概念獲取型、以評量過程所產生同化、調適的概念重組型以及以教學策略為主的概念替換型三種。
四、學童「生物繁殖」概念學習類型：閱讀學習型、組內共構學習型、組間激盪學習型、老師教導學習型、實作觀察學習型、自我建構學習型。
關鍵字：合作學習、學習歷程檔案、概念改變、生物繁殖
","Taiwan","丁惠琪, 2000, 合作學習應用在國小數學教學之探究, , ; 于富雲, 2001, 從理論基礎探究合作學習的教學效益, , ; 王千倖, 2000, 合作學習, , ; 王文科, 1990, 教育研究法, , ; 王文中, 1999, 教育測驗與評量－教室學習觀點, , ; 王美芬, 1991, 自然科錯誤概念之研究, , ; 王美芬, 2001, 九年一貫學校本位、統整課程及多元評量的實踐—以「自然與生活科技」領域為例, , ; 王美芬, 1995, 國民小學自然科教材教法, , ; 牛頓開發教科書股份有限公司, 2004, 國民小學九年一貫自然與生活科技領域六年級上學期教學指引, , ; 朱敬先, 1986, 學習心理學, , ; 余民寧, 1997, 有意義的學習─概念圖之研究, , ; 吳季玲, 2002, 兩位科學教師概念傳遞與師生互動情形之分析比較研究—以國小〈生物的繁殖〉單元為例, , ; 吳明清, 1991, 教育研究—基本觀念與方法之分析, , ; 吳清山, 1996, 合作學習, , ; 吳清山, 1997, 卷宗評量, , ; 吳清山, 1997, 實作評量, , ; 吳清山, 2004, 啟發潛能, , ; 吳毓瑩, 1998, 我看、我畫、我說、我演、我想、我是誰呀？卷宗評量概念、理論、與應用, , ; 吳慶餘, 2004, 基礎生命科學, , ; 李佳玲, 2003, 以歷程檔案方式探究國小五年級學童「觀測太陽」教學單元的概念學習, , ; 李秀娟, 1998, 概念圖應用於國中生物教材之分析與評論---以神經系統為例, , ; 李?吟, 1989, 教學原理, , ; 李坤崇, 1999, 多元化教學評量, , ; 李秋芳, 2001, 國小高年級社會科合作學習之行動研究, , ; 何福田, 2003, 教師用心教與學生嚐百草—九年國教的目標與功能, , ; 周立勳, 1992, 國小班級分組合作學習之研究, , ; 周立勳, 1995, 小組獎勵對國小兒童分組學習表現的影響, , ; 林佳芬, 2000, 國小自然科試用卷宗評量之行動研究, , ; 邱美虹, 1993, 概念改變研究的省思與啟示, , ; 邱美虹, 1996, 合作學習對國三學生學習「地層地質事件」的影響, , ; 洪蓉宜, 2001, 合作學習策略在國中生物實驗教學之效益研究, , ; 洪麗卿, 2003, 國小社會科概念構圖教學策略之建構研究, , ; 耿筱曾, 1997, 為什麼概念構圖是一種有用效的教學策略, , ; 耿筱曾, 1999, 從建構主義的觀點談診斷性評量的意義, , ; 耿筱曾, 2000, 國小學童概念學習之研究, , ; 張芳全, 1997, 教學法的新典範--合作學習, , ; 張美玉, 1996, 歷程檔案評量再建構教學之應用：一個科學的實徵研究, , ; 張美玉, 2000, 歷程檔案評量的理念與實施, , ; 張美玉, 2003, 歷程檔案評量在概念學習的應用, , ; 張頌憫, 2001, 台中縣市國小自然科教師動物生殖概念之研究, , ; 教育部, 2003, 國民中小學九年一貫課程綱要, , ; 教育部訓育委員會, 1998, 各級學校可用測驗使用手冊, , ; 莊明貞, 1996, 國小社會科教學評量的改進途徑─從「真實性評量」實施談起, , ; 許桂英, 2003, 合作學習應用於國小三年級數學領域學習成效之研究, , ; 許春蘭, 2001, 國小自然科實施合作學習對低成就學生學習成效之研究, , ; 郭重吉, 1988, 從認知觀點探討自然科學的學習, , ; 陳世輝, 1995, 山地兒童生物概念及生物分類之研究, , ; 陳業勇, 2001, 國小學生「動物繁殖」概念之研究, , ; 陳瓊森, 2000, 教學典範合作學習, , ; 曾寶璐, 2005, 第十名狀元, , ; 游惠音, 1995, 同儕交互發問合作學習對國小六年級學生社會科學習成就表現、勝任目標取向及班級社會關係之影響, , ; 黃政傑, 1996, 合作學習, , ; 黃建瑜 , 1999,  國中理化教師試行合作學習之行動研究, , ; 黃國彥, 1985, 教學評鑑, , ; 黃萬居, 1994, 國小高年級學童的認知階層與酸鹼概念之研究, , ; 黃萬居, 1996, 國小教師對酸鹼迷思概念之研究, , ; 黃萬居, 1996, 國小中年級學生對酸鹼概念認知之研究, , ; 黃萬居, 2003, 酸鹼概念七：台灣地區國小學生酸鹼迷思概念類型和成因之研究, , ; 黃善美, 2003, 以問題為中心的合作學習策略對國小學童科學學習之研究, , ; 楊世麒, 2002, 以概念構圖作為探究國小高年級學童水循環概念的概念改變研究, , ; 楊明達, 2002, 以合作技巧教學探究國小自然科合作學習成效之研究, , ; 楊明達, 2000, 兒童雲和雨概念, , ; 詹寶菁, 2003, 從教師關注的角度思考檔案評量的推廣, , ; 廖進德, 2002, 國小學童對植物繁殖概念學習之研究, , ; 熊召弟, 1995, 以概念的角度談兒童的生物觀, , ; 劉秀嫚, 1998, 合作學習的教學策略, , ; 劉源崇, 2004, 以歷程檔案探究國小四年級學童月亮的概念學習, , ; 蔡天民, 2002, 概念構圖對國小學童自然科學習成就、學習態度及概念改變之研究, , ; 蔡永巳, 1996, 國二理化科試行合作學習之合作式行動研究, , ; 蔡錦玟, 1992, 發展紙筆測驗以探究高三學生對化學平衡的迷思概念, , ; 鄭如琳, 2000, 國小教師實施「探究--建構教學模式」之行動研究--從「磁」的概念談起, , ; 鄭呈皇, 2004, 職場西遊記, , ; 歐滄和, 1998, 談學習歷程檔案法的點點滴滴, , ; 歐滄和, 2002, 教育測驗與評量, , ; 歐陽鍾仁, 1988, 科學教育概論, , ; 賴佳賢, 1998, 合作學習環境下群體支援系統的使用與資訊呈現方式對學習成效之影響, , ; 賴春金, 1992, 合作學習的教學策略, , ; 盧雪梅, 1998, 實作評量的應許、難題和挑戰, , ; 鍾聖校, 1994, 對科學教育錯誤概念研究之省思, , ; 鍾聖校, 1999, 自然與科技課程教材教法, , ; 簡茂發, 1985, 國中學生成績之評量, , ; 簡茂發, 1988, 教學評量原理與方法, , ; 簡茂發, 1995, 學習評量的新趨勢, , ",,5,,2006,0,239,,"13","國立臺北教育大學",
"戴良育","Liang-Yu Dai","Blog在學習歷程檔案上的應用--以高中職為例","樹德科技大學","部落格; 學習檔案; 研究者; 學習者; 多媒體; 程式碼; 影像",,"本研究主要在運用Wordpress這Blog套件來建置一套網路化學習歷程檔案系統。透過此系統，學習者可以利用網路來記錄自己的學習歷程，並能夠與其它同學作相互的討論與驗証。教學者也可藉由觀看學習者的學習歷程檔案來更有效率的幫助學習者進行更有意義的學習過程。由於學習者所記錄的檔案格式可以是文字的書面資料、聲音、影像程式碼和圖畫等，所以在系統中研究者加入了一些多媒體的功能，以讓學習者的檔案呈現可以更加多元化。除此，學習歷程檔案還強調學習者的學習過程須包含來自專家、同儕者的意見，因此在系統中也設計了教師回饋與同學回饋的功能，以幫助學習者能修正自己的學習歷程檔案。而為了能了解此系統在學習歷程檔案應用的成效，研究者將以高職的學生來實驗，其實驗將以問題導向的學習方式進行，並在實驗後予以學習者問卷調查。研究結果發現大部分的學習者很樂意透過網路並使用本系統來記錄自己的學習歷程，也非常希望彼此能多利用回饋的功能來給予他們自己更好的意見。
","Taiwan","方興東, 2004, 網路社會學, , ; 王尉任, 1998, WWW網路合作學習環境之教材出版管理系統, , ; 李同立, 2003,  網路化學習歷程檔案在國小主題教學之初探, , ; 李坤崇, 2001, 綜合活動學習領域教材教法, , ; 卓宜青, 2000, 網路化學習歷程系統之初探性研究, , ; 邱繼宏, 1998, 架構在 Web 上的作業相互評量系統, , ; 張基成, 2000, 一個架構於全球資訊網上的電子化學習歷程檔案, , ; 梁宗賀, 1999, 網路卷宗評量在國小電腦科學之研究, , ; 連士傑, 2006, 國內部落格(Blog)於教學上之應用, , ; 游光昭, 2003, 網路化學習歷程檔案與科技的學習, , ; 楊淑惠, 2002, 數位化學習歷程檔案系統應用於國小視覺藝術教學之研究, , ; 盧雪梅, 2001, 學習歷程檔案評量的理念與實務, , ",,10,,2006,0,57,,"14","樹德科技大學",
"侯錦輝","Ching-Hui Ho","個別化學生學習歷程檔案的評量系統-以竹苗區某國小中文補救教學","育達商業技術學院","個別化; 學生學習歷程檔案的評量系統; 分析層級程序法",,"電腦使用在特殊學生的教學上已被多方的探討了，但是對評量的部分卻少有相關
的研究。因為學習障礙的學生有其不同的障礙類型和程度差異，很難使用統一的評量
標準去評量學生的學習成果，所以需要進行個別化的評量標準。學習歷程檔案，近年
來普遍應用於教育的領域上。其主要的目的是在於紀錄學生學習過程中的點點滴滴，
讓學生透過這些學習的紀錄，瞭解自己的學習過程；老師也可以依據這些紀錄，對學
生的學習做出較為客觀的評量。將學習歷程檔案應用在學習障礙兒童的教學紀錄工作
上，不失是一個有效的策略。
在教育革新核心目標「把每位學生帶上來」[19]，教師應充分了解學生個別差異，
實施適性化教學，使學生在多樣化的學習與多元化的評量情境下，展現個別的才華。
因此在資訊科技積極融入教學的思潮下，針對特殊教育發展出進行個別化的學習歷程
檔案評量是有其必要性的。教師可以針對不同的學習障礙類型和程度的學生選擇適合
它的評分指標，再使用分析層級程序法(Analytic Hierarchy Process，簡稱AHP)定出各
評分指標的權重值來計算學習歷程檔案之成績。教師並可以藉由學習歷程檔案評量來
了解學生學習的成果。
","Taiwan","田麗娟, 2000, 國小自然科評量方式之行動研究─以學習歷程檔案評量為例, , ; 江文慈, 1998, 一個新評量理念的探討：多元智力取向的評量, , ; 余彬誠, 1997, 應用分析層級程序法, , ; 吳世宏, 2003, 模糊理論應用於非限制性答案評量之研究, , ; 吳信賢, 2000, 非同步網路教學系統之發展及學習歷程檔案, , ; 吳清山, 1997, 卷宗評量, , ; 吳毓瑩, 1997, 我看、我畫、我說、我演、我想、我是誰呀？卷宗評量概念、理論、與應用, , ; 李坤崇, 2001, 多元化教學評量, , ; 卓宜青, 2000, 網路化學習歷程系統之初探性研究, , ; 孟瑛如, 1998, 資源班補救教學實務, , ; 林明松, 1999, 以作品集評量方式並支援學習狀況分析與監控之網路學習系統, , ; 林清賀, 1999, 網路學習系統上之學習歷程評量輔助系統, , ; 高豫, 1995, 電腦繪圖系統在特殊教育的應用, , ; 張美玉, 2000, 國小教師歷程檔案評量工具發展之研究, , ; 張英鵬, 1993, 增強策略在電腦輔助教學方案中對國小學習障礙兒童加法學習影響, , ; 張英鵬, 1997, 感覺統合訓練方案對國小語文科學習障礙兒童感覺發展、語文表現、人際關係之影響, , ; 張振成, 1997, 教學評量的新趨勢：實作評量與檔案評量, , ; 張基成, 2000, 網路化學習歷程檔案系統之建置與評量-一個電子化真實性學習評量工具, , ; 張添洲, 2004, X檔案—教學檔案．學習檔案, , ; 張清濱, 1996, 多元化的教學評量, , ; 張勝成, 1993, 提昇視覺障礙者溝通能力的高科技, , ; 教育部, 2001, 教學創新─九年一貫課程與解答, , ; 教育部, 2000, 國民中小學九年一貫課程暫行綱要, , ; 教育部, 1999, 教育部特殊教育統計年報, , ; 梁宗賀, 1998, 網路卷宗評量在國小電腦科教學之研究, , ; 陳守仁, 1993, 電腦輔助教學在啟智教育上的應用, , ; 陳年興, 2001, 網路學習之學習行為與學習成效分析, , ; 陳李綢, 1911, 教育測驗與評量, , ; 陳英豪, 1998, 測驗與評量, , ; 陳聖謨, 1998, 「檔案」在師資培育上的應用, , ; 惠子安, 2002, 基於凱利方格技術的網路互評系統, , ; 黃耿鐘, 2002, 網路學習檔案評量系統及學習檔案成效指標之研究, , ; 黃富廷, 2000, 影響智障學生電腦輔助學習成效之因素探討, , ; 楊文凱, 1991, 電腦在啟智教育的應用, , ; 楊坤堂, 1999, 學習障礙教材教法, , ; 鄒小蘭, 1994, 特殊班電腦輔助教學應用實例與成效, , ; 歐滄和, 1997, 談學習歷程檔案法的點點滴滴, , ; 潘裕豐, 1996, 希望交響曲—電腦輔助教學與特殊兒童認知學習, , ; 蔡旻芳, 2001, 網路學習之學習歷程分析系統, , ; 鄭麗玉, 1998, 教學評量的改革, , ; 鄧振源, 1911, 層級分析(AHP)的內涵特性與應用(上), , ; 蕭金土, 1993, 聽覺障礙者的輔助器材, , ",,2,,2004,0,73,,"15","育達商業技術學院",
"彭星瑞","Sin-Ra Peng","網路化學習歷程檔案評量系統對專題導向學習成效之影響","國立臺北科技大學","學習歷程檔案評量; 專題導向式學習; 專題作品; 自我認知學習; 學習成效",,"本研究採實驗研究法，研究目的為探討網路化學習歷程檔案評量系統對專題導向學習成效（包括自我認知學習成效與專題作品成效）之影響，乃以桃園縣某國中二年級學生修習「電腦」課程的兩班六十名學生為研究對象，實施時間為期八週。其研究結果如下：
一、使用網路學習歷程檔案(實驗組)與沒使用(控制組)的兩組在專 題作品成效（作品、測驗成績）上沒有顯著差異。
二、使用網路學習歷程檔案(實驗組)與沒使用(控制組)的兩組在自我認知學習成效(能力、效果面向)上有顯著差異。
三、使用網路學習歷程檔案(實驗組)之前與之後的自我認知學習成效(能力、效果面向)上有顯著差異。
    基於本研究結果，分別對系統改進、實驗實施改進、研究結果，以及未來研究提出相關建議。
","Taiwan","王閔瑤, 2002, 應用資訊科技於國小課程統整專題導向式學習之行動研究, , ; 江火明, 1998, 網路上大氣科學專題式的學習資料庫設計, , ; 李坤崇, 1999, 多元化教學評量, , ; 李坤崇, 2001, 綜合活動學習領域教材教法, , ; 李登隆, 2004, 資訊融入專題導向學習對國小學生自然科學習態度與問題解決能力之影響, , ; 林佳芬, 2000, 國小自然科試用卷宗評量之行動研究, , ; 林朝敏, 2004, 網路學習歷程檔案系統中提供自動化工作日誌支援同儕互評之研究, , ; 吳孟璋, 2003, 網路專題學習歷程中各項功能使用時間與專題學習成果之相關研究, , ; 吳明芳, 2005, 網路化檔案評量標準與信、效度之建立, , ; 洪儀玲, 2002, 網路合作式專題學習對學業低成就學生之影響, , ; 孫瀅琇, 2003, 以強勢智慧分派任務的網路學習歷程檔案評量機制對學習成果與學習行為影響之研究, , ; 徐新逸, 2001, 如何利用網路幫助孩子成為研究高手？網路專題式學習與教學創新, , ; 莊雅婷, 2001, 線上評鑑之探討, , ; 黃明信, 2002, 國小網路專題式教學模式之設計, , ; 黃瑋苹, 2003, 以多元智慧分組合作學習對網路專題學習成果影響之研究, , ; 張美玲, 2000, 以專題為基礎之教學與學習對國小學生自然科學習動機與學習成就之影響, , ; 張基成, 2000, 網路化學習歷程檔案系統之建構與評鑑─一個電子化的真實性學習評量工具, , ; 張基成, 2001, 網路化學習檔案之系統化建構經驗及相關問題探討, , ; 陳得利, 2002, 網路化歷程檔案系統之設計與實作, , ; 陳凱貞, 2004, 實施國小英語電子化檔案評量研究-以一國小三年級班級為例, , ; 郭應全, 2005, 結構式網路化「學習歷程檔案評量系統」建置及學習者行為對學習成效之影響, , ; 梁宗賀, 2000, 網路卷宗評量在國小電腦科教學之研究, , ; 童宜慧, 1999, 網路化學習歷程檔案系統之建構與實施, , ; 曾耀霆, 1998, 以專題為基礎的教學與學習在國小高年級自然科實施之研究, , ; 單文經, 2000, 統整課程教學單元的設計, , ; 鄒慧英, 2000, 專題學習的概念介紹與評量設計示例, , ; 楊坤原, 1996, 認知風格與科學學習成就關係, , ; 詹雅婷, 2001, 網路化專題導向學習於教育學程之實施與評鑑論文, , ; 蔡旻芳, 2001, 網路學習之學習歷程分析系統, , ; 鄭雅文 , 2002, 網路化反省思考學習歷程檔案的設計與應用, , ",,7,,2005,0,72,,"16","國立臺北科技大學",
"鄭國志","Kuo-chih Cheng","提供反思機制於網路學習歷程檔案中對學習行為影響之研究","國立臺南大學","日誌; 學習歷程檔案; 反省思考",,"網路應用逐漸融入教學與日常生活中，雖然網路資源豐富多樣，但卻缺乏自律與他律的機制，使得學習者容易迷失在網路中，並造成認知負荷。而網路開放性的學習環境對缺乏反思能力的學習者更無法達成有意義的學習，因此本研究提供引導式的評語、日誌撰寫兩項反思機制，以觀察不同反思類型學生的網路學習行為及反思類型是否改變。研究發現：一、實驗組學生對網路學習行為中的課程學習行為和反思行為均有較正面積極的表現；二、反思類型中的「理解」類型學生和「反思」類型學生在網路學習行為有較正面積極的表現；三、實驗組學生和對照組學生在實驗後反思類型人數的分佈並沒有顯著差異，但在反思態度則有正向的顯著差異；四、參與實驗的學生認為撰寫日誌有助於學習，但仍有些學生對撰寫日誌感到困擾。雖然本研究所提供的反思機制有助於網路學習行為與反省思考，但建議可以提供多樣的反思工具供學生選擇。
","Taiwan","何榮桂, 2001, 從九年一貫新課程規劃看我國資訊教育未來的發展, , ; 吳斯茜, 1999, 邁向網路學習社會的途徑：由學習能量觀點出發, , ; 李建億, 2002, 網際網路學習歷程追蹤與對學習成效影響之研究, , ; 林奇賢, 1998, 網路學習環境的設計與應用, , ; 林秀娟, 2004, 國小三年級學童自然學習日誌反思特徵之研究, , ; 邱瓊慧, 2000, 電子卷宗發展過程之探討, , ; 財團法人台灣網路資訊中心, 2004, 台灣寬頻網路使用調查, , ; 陳聖謨, 1998, 檔案在師資培育上的應用教育研究資訊, , ; 梁宗賀, 1999, 網路卷宗評量在國小電腦科教學之研究, , ; 張麗麗, 2000, 「什麼樣的檔案才值得…？」─談自主學習檔案的基本要素, , ; 教育部, 2001, 中小學資訊教育總藍圖, , ; 張基成, 2001, 網路化學習檔案之系統化建構經驗及相關問題探討, , ; 陳杉吉, 2002, 國小學童在網際網路專題導向式學習環境中行為歷程之研究, , ; 陳得利, 2002, 網路化歷程檔案系統之設計與實作, , ; 許瑛玿, 2003, 情境式網路學習環境互動行為分析：以高中地球科學線上學習為例, , ; 曾志華, 1997, 以建構論為基礎的科學教育理念, , ; 黃耿鐘, 2002, 網路學習檔案評量系統及學習檔案成效指標之研究, , ; 黃明信, 2001, 國小實施網路專題式學習之成效與發展, , ; 張基成, 1999, 網路化學習歷程檔案系統, , ; 鄒慧英, 2000, 專題學習的概念介紹與評量設計示例, , ; 蔡旻芳, 2001, 網路學習之學習歷程分析系統, , ; 鄭雅文, 2002, 網路化反省思考學習歷程檔案的設計與應用, , ",,3,,2005,0,72,,"17","國立臺南大學",
"周凡淇","CHOU,FAN-CHI","學習歷程檔案系統的發展及其在不同學習風格、認知風格學童之網路行為的探討","臺北市立師範學院","線上學習歷程檔案系統; 學習風格;認知風格; 藝術與人文",,"本研究的主要目的在發展一套能應用於國民小學教學之線上學習歷程檔案系統，並應用於國小藝術與人文領域之教學，在教學實驗中利用線上學習歷程檔案系統記錄學習者之網路行為，以Witkin認知風格、Kolb學習風格與Felder-Silverman學習風格，進行七種網路行為之差異分析，包含點閱縮圖、點閱詳細資料、發表作品、進行搜尋、線上互評、線上投票與檔案管理。本研究以台北市某國小六年級六個班，共154位學童為對象，實驗期間共七個月。
本研究依據系統化教學設計(Instructional System Design，ISD)的策略，分為分析、設計、實施與評鑑等四個階段進行客製化線上學習歷程檔案系統之開發；根據系統評鑑之結果與使用者訪談，獲得以下結論：(1)客製化線上學習歷程檔案系統功能完善；(2)系統對於課程應用有著相當的助益。
研究網路行為的結果：(1)不同Witkin認知風格在網路行為上未達顯著差異。(2)不同Kolb學習風格在網路行為上未達顯著差異。(3)不同Felder-Silverman學習風格之學習者於線上學習歷程檔案系統之網路行為經獨立樣本t考驗，發現多數網路行為達顯著差異，顯示不同學習風格確實會影響到學習者的網路行為，且不同學習風格之學習者於網路化的線上學習歷程檔案系統有不同的偏好，若能針對其偏好可以對不同學習風格之學習者有不同的教學策略以幫助其學習，並對未來系統之設計與修正將有極大之助益。
","Taiwan","丁德榮, 2003, 技職院校學生對網路學習的態度之研究--以弘光科技大學為例, , ; 王美芬, 1995, 國民小學自然科教材教法, , ; 王裕方, 1998, 電腦態度與學習績效的影響因素探討 － 中學生網頁製作教學的實 地實驗研究, , ; 丘聖光, 2000, 階層式超媒體概念圖系統在課程呈現上的應用, , ; 巫靜宜, 2000, 比較網路教學與傳統教學對學習效果之研究---以Word 2000之教學為例, , ; 李新民, 2000, 電子卷宗在教育上的應用, , ; 李侑政, 2003, 數位化卷宗評量系統之發展及在國小自然科教學應用之研究, , ; 李欣茹, 2004, 發光中的自由軟體力量, , ; 汪文俊, 2003, 學習風格之研究－以高職工業類科學生為例, , ; 吳裕益, 1987, 認知能力與認知型態個別差異現象之探討, , ; 吳百薰, 1998, 國小學生學習風格相關因素之研究, , ; 吳清山, 1997, 卷宗評量教育資料與研究, , ; 吳毓瑩, 1995, 開放教室中開放的評量：從學習單與檢核表的省思談卷宗評量, , ; 吳毓瑩 , 1998, 我看、我畫、我說、我演、我想、我是誰呀？卷宗評量概念、理論、與應用, , ; 林嘉文, 1993, 國小學童認知風格與電腦態度對應用國字筆順網路學習系統學習成就之影響, , ; 林生傳, 1994, 教育心理學, , ; 林佳宏, 1999, 不同認知型態的國中學生在虛擬實境學習教室中學習歷程之研究, , ; 馬德強, 1996, 場地獨立性對全球資訊網資料搜尋成效之研究, , ; 林佳芬, 2000, 國小自然科試用卷宗評量之行動研究, , ; 姚德瑜, 2001, 網路教學之學習行為對學習效果之影響, , ; 祝智庭, 2000, 現代教育技術學-走向信息化教育, , ; 郭重吉, 1988, 從認知狀態和學習風格探討國中學生學習物質分子模型的困難, , ; 許麗玲, 2000, 認知風格在虛擬實境遠距學習遷移之影響, , ; 許繼德, 2002, 網路輔助教學對不同認知風格的國小學童在英語學習動機與成就之影響, , ; 陳得利, 2002, 網路化歷程檔案系統之設計與實作, , ; 陳明溥, 2002, 建構式網路學習活動成效之探討, , ; 游政男, 2001, 學習風格與超媒體網頁架構方式對學習鐘擺週期之影響, , ; 曾江合, 2003, 網路化個人及團體學習歷程檔案系統之建置與評估, , ; 黃玉枝, 1991, 國中資優學生與普通學生學習風格及學校適應之比較研究, , ; 黃玉枝, 1993, 國中資優學生與普通學生學習風格及學校適應之比較研究, , ; 童宜慧, 1999, 網路化學習歷程檔案系統之建構與實施, , ; 張美玉, 1996, 歷程檔案評量再建構教學之應用：一個科學的實徵研究, , ; 張美玉, 2001, 從多元智能的觀點談歷程檔案評量在教育上的應用, , ; 張美玉 , 2000, 歷程檔案評量的理念與實施, , ; 張振成, 1997, 課程與教學革新：教學評量的新趨勢－實作評量與檔案評量, , ; 張文華, 2004, 同步網路合作學習中學習風格對國小學童學習之影響, , ; 張春興, 1994, 教育心理學-三化取向的理論與實務, , ; 張基成, 2001, 網路化學習檔案之系統化建構經驗及相關問題探討, , ; 張基成, 2000, 一個架構於全球資訊網上的電子化學習歷程檔案, , ; 湯清二, 1997, 另一種評量工具的選擇─學習檔案, , ; 楊淑惠, 2002, 數位化學習檔案系統建置之研究—以國小美勞課為例, , ; 溫嫻靜, 2003, 電子化學習歷程檔案系統在國小視覺藝術鑑賞課程教學與評量上的應用, , ; 廖聖傑, 2003, 從學習歷程檔案建構決策樹以支援網路教學, , ; 蔡旻芳, 2001, 網路學習之學習歷程分析系統, , ; 劉炳輝, 1999, 國中學生認知風格與學習方法對學習判斷英語子句效果之研究, , ; 劉旨峰, 2001, 基於網路同儕互評之學習歷程之信效度研究, , ; 歐滄和, 1999, 談學習歷程檔案法(portfolio)的點點滴滴, , ; 鄭晉昌, 1993, 自「情境學習」的認知觀點探討電腦輔助中教材內容的設計－從幾個教學系統談起, , ; 鄭雅文, 2002, 網路化反省思考學習歷程檔案的設計與應用, , ; 盧雪梅, 2000, 多元教學評量的理念和實務, , ; 賴羿蓉, 2000, 簡介真實評量, , ; 謝振承, 2001, 虛擬教室線上評量準則研究, , ; 鍾銘原, 2002, 思考風格對非同步學習網路中合作學習之影響, , ; 鐘培齊, 2002, 國小六年級學童學習風格、知覺學習環境、對科學的態度與自然科學業成就之相關研究, , ; 魏丕信, 1995, 不同的介面表現形式及個人任之行探差異對使用超媒體資訊系統搜尋效果的影響, , ; 羅慶璋, 2004, 國中網路虛擬物理實驗室, , ; 簡綜男, 1999, 互動式多媒體輔助教材在電腦教學之學習成效影響研究, , ; 蘇輝明, 2004, 原住民學童之學習風格與教育上的應用, , ",,13,,2005,0,158,,"18","臺北市立師範學院",
"張玨菁","Chueh- ching Chang","職前教師資訊科技融入教學素養課程實施成效之研究--運用數位化學習歷程檔案","國立臺南大學","反省思考; 合作學習; 數位化學習歷程檔案; 資訊科技融入教學; 資訊科技融入教學素養",,"數位化學習歷程檔案，即是將紙本的學習歷程檔案，以數位化的形式，如照片、影像、聲音等多元形式，加以展現、儲存學習作品，並透過網路平台，可不受時空、作品形式限制，讓同儕間的作品彼此分享、交流，藉由作品間的觀摩，提供自我反省之機會。應用數位化學習歷程檔案的教學方式於「資訊科技融入教學的理論與實務」課程，不但能營造學生隨時使用資訊科技的學習環境，亦希望透過數位化學習歷程檔案的教學方式，培養學生的反省思考與合作學習能力。
本研究旨在探討數位化學習歷程檔案對國民小學職前教師之資訊科技融入教學素養、反省思考能力與合作學習能力的成效，其次，希望瞭解職前教師對此課程教學安排與教學策略之建議。
本研究以12名台南大學教育系三年級之職前教師為研究對象，透過「資訊科技融入教學的理論與實務」實驗課程，進行十二週的學習活動，並利用職前教師於課程前後二次自評比較的方法，及研究者深入訪談、觀察與文件分析等方式蒐集相關資料，再針對這些資料進行分析與探究。
本研究的主要發現如下。
1.在資訊科技融入教學素養方面，經由三次自評結果比較，職前教師的整體資訊科技融入教學素養有顯著的提升，就具體成果而言，職前教師在(1)電腦軟硬體的操作、(2)相關理論的認知、(3)教學設計能力、(4)應用資訊科技於教學能力等四方面的能力皆有所提升。另外，職前教師對未來應用資訊科技於教學的看法，大多數的職前教師未來願意繼續以資訊科技融入教學的方式進行教學，但必須在學校硬體設備充足、學習領域內容許可、學生特質適切的情況下，才能順利進行。
2.在反省思考能力方面，主要分為描述性、比較性、批判性三個面向，而職前教師經由二次自評結果的比較，雖然只有在比較性的反省思考能力達到顯著提升，但就具體成果而言，職前教師在描述性的表現上，多能從學習過程中反省自己不足之處，在比較性的表現上，亦能站在學生立場，反省教學過程的缺失，但在批判性的反省思考能力上，則較少發現職前教師的具體表現。
3.在合作學習能力方面，職前教師的小組分工、工作效率、討論熱絡三方面，經由二次自評，其平均值都有成長，唯有紀錄準確方面，成長較小幅，是合作學習過程中，需要再加強的地方，而整個學習過程，職前教師也都能從剛開始的只分工、不合作的模式，改善至彼此分工合作的學習狀態。
4.職前教師進行「資訊科技融入教學的理論與實務」的學習後，對此課程內容安排與教學策略提出了五點建議：(1)在理論教學階段，增加學生報告分享的比例；(2)教學現場試教前，授課教師能與試教國小進行事先的正式溝通；(3)增加教學觀摩的課程；(4)於數位化學習歷程檔案系統方面，增加強制回饋的規定；(5)數位化學習歷程檔案系統可再增加互動性的設計。
最後，研究者根據研究結果，分別對教學實務及後續研究提出多項具體建議，以供未來各大專院校實施資訊科技融入教學相關課程及後續研究之參考。
","Taiwan","于富雲, 2001, 從理論基礎探究合作學習的教學效益, , ; 王全世, 2000, 資訊科技融入教學之意義與內涵資訊與教育, , ; 王全世, 2000, 對資訊科技融入各科教學之資訊情境的評估標準資訊與教育, , ; 王全世, 2001, 從教育改革來看資訊教育所扮演的角色資訊與教育, , ; 王詠, 2002, 教學創新多元評量─檔案評量評析, , ; 王為國, 2002, 多元智能取向之教學評量, , ; 尹玫君, 2003, 自教育科技在教育上的應用探討資訊融入教學, , ; 尹玫君, 2004, 知識經濟時代職前教師自主學習文化之建構─子計劃十一：網路資源與教育媒體融入的教學能力的培育與評鑑, , ; 何文慶, 2001, 由角色認知談國中教師在九年一貫課程改革的自我調適, , ; 吳正己, 2001, 從英特爾e教師計畫談資訊融入教學, , ; 吳芝儀, 1995, 質的評鑑與研究, , ; 吳青蓉, 1999, 跨世紀的教學革命--資訊科技融入學科教學, , ; 吳勇龍, 2003, 「合作學習」教學模式的探討, , ; 吳清山, 1997, 教育名詞：卷宗評量, , ; 吳毓瑩, 1998, 我看、我畫、我說、我演、我想、我是誰呀？卷宗評量概念、理論、與應用, , ; 沈中偉, 2001, 國小資訊教育理念與實踐：臨床教學之探究與省思, , ; 李新民, 2000, 電子卷宗在教育上的應用, , ; 李隆盛, 1998, Puzio的科技學習歷程紀錄評介, , ; 李隆盛, 2004, 學生學習檔案的5W1H, , ; 李昆翰, 2002, 正視國民資訊教育素養, , ; 李建鋒, 2005, 網路合作學習理論研究與系統實作, , ; 何榮桂, 1997, 我國中小學資訊教育的推展策略、問題與展望, , ; 何榮桂, 1999, 教育部「資訊教育基礎建設計畫」與北、高兩市「資訊教育白皮書」簡介, , ; 何榮桂, 2001, 他山之石可以攻錯─亞太地區資訊教育的發展與前瞻, , ; 何榮桂, 2002, 台灣資訊教育的現況與發展—兼論資訊科技融入教學, , ; 何榮桂, 1999, 各國資訊教育課程實施概況及其對九年一貫資訊課程的啟示, , ; 何縕琪, 1997, 卷宗評量在教學上之應用, , ; 杜正勝, 2004, 我國教育政策之現況與未來發展, , ; 邱幼樁, , 合作學習─讓高中生動起來, , ; 林奇賢, 2001, 知識經濟時代職前教師自主學習文化之建構─分項計畫一：職前教師學習歷程數位化檔案的系統建置與評量設計, , ; 林佩璇, 1992, 台灣省高級職業學校合作學習教學法實驗研究, , ; 林秋先, 2004, 資訊科技融入教學面臨的困境與契機, , ; 林美純, 2003, 職前教師資訊科技融入教學之成長模式, , ; 林清山, 1992, 心理與教育統計學, , ; 林煌凱, 2002, 國中教師教學創新接受度與資訊科技融入教學關注階層之相關研究, , ; 林傑斌, 2001, SPSS10.0 與統計模式建構, , ; 法務部, 2004, 全國法規資料庫─師資培育法, , ; 岳修平, 2000, 電子化學習歷程檔案實施之態度研究, , ; 徐新逸, 2002, 資訊融入教學的現代意義與具體作為, , ; 教育部, 1998, 國民中小學教師資訊基本素養指標, , ; 教育部, 2003, 九十二年度施政績效報告, , ; 張仁獻, 2002, 多元評量在生活科技課程教學之應用與實施策略, , ; 張巧琳, 2004, 促進教師專業成長以因應九年一貫課程改革, , ; 張美玉, 1996, 反省思考的教學模式在教育實習課程的應用, , ; 張美玉, 2001, 從多元智能的觀點談歷程檔案評量在教育上的應用, , ; 張美玉, 2000, 國小實習教師歷程檔案評量工具發展之研究, , ; 張秀雄, 2005, 合作學習法, , ; 張秀雄, 2005, 合作學習法, , ; 張郁雯, 2004, 運用資訊能力之檔案評量系統之發展研究台灣：科技化測驗與能力指標評量, , ; 張清源, 2003, 小組互評式電子卷宗教學在國小自然科學習上之研究, , ; 張基成, 2000, 一個架構於全球資訊網上的電子化學習歷程檔案, , ; 張基成, 2001, 網路化學習歷程於師資培育課程之實施經驗及探討, , ; 張國恩, 1999, 資訊融入各科教學之內涵與實施, , ; 張國恩, 2002, 從學習科技的發展看資訊融入教學的內涵, , ; 陳玉美, 2005, 以「合作學習」實踐語言溝通式教學, , ; 陳向明, 2002, 社會科學質的研究, , ; 陳永發, 2001, 合作取向的教師專業成長, , ; 陳美如, 2001, 教師如何從事課程評鑑：從賦權增能評鑑理念談起, , ; 陳泰安, 2002, 九年一貫課程教師資訊素養能力之探究, , ; 陳啟明, 1999, 另類的教學評量─「卷宗評量」, , ; 陳皓薇, 2003, 資訊科技融入教學, , ; 陳皓薇, 2003, 資訊科技融入教學, , ; 陳惠萍, 2004, 知識經濟時代職前教師自主學習文化之建構─子計劃十二：知識管理與班及經營能力的培育與評鑑, , ; 曾榮華, 2001, 反省思考教學的策略, , ; 曾錦達, 1997, 國民小學資訊教育之評析--對中華民國教育報告書的回應, , ; 張基成, 1997, 網路化學習歷程檔案系統, , ; 黃明月, 2001, 高等教育課程改革與教學科技運用, , ; 黃政傑, 1996, 合作學習, , ; 黃耿鐘, 2002, 網路學習檔案評量系統及學習檔案成效指標之研究, , ; 黃淑蘭, 2003, 國中小教師資訊應用基本素養之指標建構及初探模式驗證研究, , ; 單小琳, 2000, 教師成長檔案與專業發展, , ; 彭富源, 2001, 將資訊科技融入各科教學的困境與因應, , ; 溫其純, 2000, 師資培育者建構教學檔案可行性之研究－一個師範學院現場的反思, , ; 溫嘉榮, 2003, 教師如何將資訊融入學科成為教學工具, , ; 溫嘉榮, 2004, 教師資訊能力之檢測與培訓策略之探討, , ; 鄒慧英, 2000, 多元化的檔案評量, , ; 鄒慧英, 2004, 讀寫檔案的信度與評分者一致性科技化測驗與能力指標評量, , ; 鄒慧英, 2005, 知識經濟時代職前教師自主學習文化之建構─總計畫：數位化歷程檔案與反省式教學模式對師資培育效益之探討, , ; 趙志成, 2005, 見微集：學生互助互學、互相尊重─合作學習的要義, , ; 蔡俊男, 2000, 高雄市國小教師運用資訊設施教學意願之研究, , ; 蔡淑燕, 2003, 國小教師資訊科技融入教學知能之研究, , ; 歐滄和, 1999, 談學習歷程檔案法, , ; 劉遠楨, 2004, 淺談「資訊科技融入教學」, , ; 劉唯玉, 2000, 教學原理課程實施檔案評量之行動研究, , ; 賴俊明, 2004, 高二學生合作學習「氣體粒子性質」心智模式之探討, , ; 儲慧平, 2003, 提升學生學習動機的創新教學, , ; 謝佩君, 2004, 職前教師進行資訊科技融入專題導向學習態度之研究, , ; 盧雪梅, 2000, 多元教學評量的理念和實務, , ; 盧秀琴, 2002, 資訊教育融入國小課程的應用與省思, , ; 羅綸新, 2001, 教學檔案與教師專業成長, , ",,1,,2005,0,156,,"19","國立臺南大學",
"李桂英","Kuei-Ying Lee","以科技接受模式探討高一學生使用部落格建立學習歷程檔案之行為","高雄師範大學","部落格; 學習歷程檔案; 數位化學習歷程檔案; 科技接受模式; 整合性科技接受模式",,"本研究旨在引導高中學生使用部落格建立學習歷程檔案，藉由分析學生對數位化學習歷程檔案的使用行為，探討影響學生採用數位化學習歷程檔案的因素。
研究基礎援引整合性科技接受模式（UTAUT），並依部落格特性納入知覺愉悅構面建立理論架構。透過問卷調查法，輔以使用者訪談進行資料分析。本研究結果顯示：
1. 學生對學習歷程檔案的「使用意向」會正向影響「實際使用」。
2. 學生對學習歷程檔案的「績效預期」、「努力期望」、「社會影響」與「知覺愉悅」會正向影響「使用意向」，其中以「社會影響」最具影響力。
3. 學生對學習歷程檔案的「促成因素」並不影響「實際使用」。
4. 學生認同建立學習歷程檔案在學習活動的正面影響。
最後根據以上發現歸納結論並對實務提出具體的建議，以作為未來教師推行數位化學習歷程檔案時在課程設計與教學實施之參考。
","Taiwan","方興東, 2006, 追問博客傳播的意義：互聯網第二次革命, , ; 毛向輝, 2004, Blog將成為教育中的重要工具, , ; 王慧勤, 2002, 國語教學的情意評量, , ; 江雪齡, 1998, 介紹檔案評量法, , ; 余民寧, 1997, 教育測驗與評量—成就測驗與教學評量, , ; 吳明隆, 2008, SPSS統計應用實務, , ; 希瑞爾．菲飛特, 2006, 誰沒部落格！, , ; 李昆諭, 2005, 部落格網站使用行為之研究, , ; 李隆盛, 2004, 學生學習檔案的5W1H, , ; 周立軒, 2005, 網誌的使用者與使用行為之研究, , ; 岳修平, 2000, 電子化學習歷程檔案實施之態度研究, , ; 林克寰, 2004, 你不能不知道的部落格—Blog 是甚麼碗糕啊？, , ; 林奇賢, 2007, 數位學習歷程檔案系統在網路學習環境中的角色與意義, , ; 林凱胤, 2006, 以Blog作為互動式學習歷程檔案平台之應用, , ; 林淑美, 2005, Blog 在課後輔導之應用, , ; 邱皓政, 2003, 量化研究與統計分析, , ; 姚奉緒, 2004, 學習檔案的製作與推展, , ; 胡仲軒, 2004, RSS（Real Simple Syndication）—網頁資料交換技術介紹, , ; 張美玉, 1996, 歷程檔案評量再建構教學之應用：一個科學的實徵研究, , ; 張美玉, 2001, 從多元智能的觀點談歷程檔案評量在教育上的應用, , ; 張美玉, 2003, 歷程檔案評量在概念學習的應用, , ; 張基成, 2000, 網路化學習歷程檔案系統之建構與評鑑─一個電子化的真實性學習評量工具, , ; 張基成, 2001, 網路化學習歷程於師資培育課程之實施經驗及探討, , ; 張添洲, 2004, X檔案—教學檔案．學習檔案, , ; 張琬翔, 2008, 網路化教師評鑑檔案系統之研究—以花蓮教育大學為例, , ; 張鴻昌, 2004, 員工對企業內部網路接受度之研究—以中鋼公司為例, , ; 曹學仁, 2001, 從多元智慧的觀點談學生學習檔案之建構及其教育意涵, , ; 莊雅如, 2004, 以Weblog 為基礎的合作學習之研究, , ; 陳向東, 2002, 博客文化與現代教育技術, , ; 陳順孝, 2006, 部落格在教育上的運用, , ; 陳聖模, 1998, 「檔案」在師資培育上的應用, , ; 游光昭, 2003, 網路化學習歷程檔案與科技的學習, , ; 童宜慧, 1998, 網路化學習歷程檔案系統之建構與實施, , ; 游雅婷, 2006, Blog網誌對國小高年級學童寫作之影響, , ; 游雅慧, 2005, 部落格使用者接受度之研究—以彰化縣中小學教師為例, , ; 鄒景平, 2003, 非正式內容愈見重要, , ; 廖麗鄉, 2007, 以部落格建構高職學生電子化學習檔案之行動研究—多元智能觀點, , ; 熊召弟, 2003, 卷宗評量的設計及應用─以自然科為例, , ; 蔡孟倫, 2007, 國民小學閱讀部落格建構及其滿意度之行動研究, , ; 蔡清華, 1996, 「教學檔案」在國小實習教師專業成長與評鑑上的應用, , ; 盧雪梅, 2001, 學習檔案評量的理念與實務, , ; 戴良育, 2005, Blog在學習歷程檔案上的應用—以高中職為例, , ; 藝立協, 2003, Blog 部落格線上出版．網路日誌實作, , ",,1,,2009,0,112,,"2","高雄師範大學",
"林朝敏","Chao-Min Lin","網路學習歷程檔案系統中提供自動化工作日誌支援同儕互評之研究","國立臺南大學","同儕互評; 網路學習歷程檔案; 自動化工作日誌",,"學習歷程檔案是有計劃的收集學生作品樣本，可以明確的呈現學生在一段時間內學習成長進步的過程。同儕互評可以提昇學生思考反省及學習動機。但普遍看法認為同儕互評比較合適在高等教育學生中實施，對國中小學生的評分能力有所質疑。因此，本研究設計一套符合國小學童使用的網路學習歷程檔案系統，完整收集參與者網路學習歷程，經過統計轉化製成圖表，配合學生撰寫的工作日誌，成為詳盡記錄學生學習狀況的自動化工作日誌；提供給國小學童進行同儕互評時做參考，幫助評分者更加了解作者的學習狀況，使同儕互評評分更準確。並採準實驗研究法，以台南縣某國小136名六年級學生為研究對象，將學生以原班級為單位隨機分為三組，在同儕互評時提供不同的參考資料，比較學生評分與教師評分的一致性。研究結果發現：1.本研究所提供之網路學習歷程檔案系統弁鉦臟X國小學童使用需求。2.在應用自動化工作日誌提供同儕互評參考時，同學評分效度比未提供參考的組別高。3.學生對實施同儕互評具有很高的接受度，但對提供的自動化工作日誌是否會影響評分標準的看法分歧。
","Taiwan","江蕙如, 2002, 網路化同儕回饋與學生學習成就之初探性研究, , ; 吳信賢, 2000, 非同步網路教學系統之發展及學習歷程檔案, , ; 吳清山, 1997, 教育名詞：卷宗評量, , ; 呂靜芳, 2000, 由網站行為歷程以貝式學習建立學習者模式之引導系統, , ; 李坤崇, 1999, 多元化教學評量, , ; 林孟鴻, 2001, 應用歷程檔案建立網路學習輔助機制, , ; 林珊如, 2001, 網路化學習歷程與同儕互評系統之建構經驗, , ; 林珊如, 1999, 網路同儕互評系統的學生群組分析, , ; 林英文, 2002, 線上同儕評量對國中生簡報製作技能學習成效之研究, , ; 卓宜青, 2001, 網路化學習歷程檔案系統及同儕評量, , ; 邱繼弘, 1998, 架構在 Web 上的作業相互評量系統, , ; 張基成, 2001, 網路化學習檔案之系統化建構經驗及相關問題探討, , ; 張基成, 2001, 網路化學習歷程於師資培育課程之實施經驗及探討, , ; 張基成, 2000, 一個架構於全球資訊網上的電子化學習歷程檔案, , ; 張清濱, 1996, 個人檔案紀錄有何妙用?多元化的教學評量, , ; 梁宗賀, 2000, 網路卷宗系統之發展與應用, , ; 陳年興, 2000, 建構式網路教學系統設計原則與評量結果, , ; 陳年興, 2001, 網路學習之學習行為與學習成效分析, , ; 陳年興, 2001, 網路學習之學習歷程分析系統, , ; 陳信汛, 2002, 應用群集技術支援國小學童網路同儕互評之研究, , ; 陳得利, 2001, 網路化歷程檔案系統之設計與實作, , ; 張基成, 1999, 網路化學習歷程檔案系統, , ; 黃耿鐘, 2002, 網路學習檔案評量系統及學習檔案成效指標之研究, , ; 黃履發, 1996, 學習歷程檢視器：Web學習環境中學習管理工具, , ; 楊國鑫, 2001, 推廣網路同儕互評系統於高級工業職業學校教學課程之研究, , ; 鄒慧英, 1999, 檔案於國語科教學評量之應用新世紀中小學課程改革與創新, , ; 劉旨峰, 1999, 網路同儕互評系統的學生群組分析, , ; 劉旨峰, 2002, 網路同儕互評的探討、實施、評估與增進實施品質的建議, , ; 劉旨峰, 2002, 網路同儕評量之研究, , ; 劉旨峰, 2001,  基於網路同儕互評之學習歷程之信效度研究, , ; 劉旨峰, 2003, 探討學習回饋分析與網路學習系統滿意度調查之實證研究, , ; 劉勝鈺, 2002, 使用資訊科技學習數學：以網路同儕互評為例, , ; 劉惠如, 1999, 整合式網路教學之教學設計與評量, , ; 歐滄和, 1999, 談學習歷程檔案法的點點滴滴, , ; 蔡旻芳, 2001, 網路學習之學習歷程分析系統, , ; 鄭麗玉, 1999, 教學評量的改革, , ",,7,,2004,0,75,,"20","國立臺南大學",
"孫瀅琇","Ying-Hsiu Sun","以強勢智慧分派任務的網路學習歷程檔案評量機制對學習成果與學習行為影響之研究","國立臺南大學","強勢智慧; 網路學習歷程檔案評量; 學習歷程檔案; 多元智慧",,"本研究旨在探討以強勢智慧分派任務的網路學習歷程檔案評量機制對國小學童學習成果與學習行為之影響，以國小六年級學童為對象，依據強勢智慧分派任務之學生為實驗組，隨機選樣分派任務之學生為控制組進行學習評量實驗。研究結果發現如下：一、依據強勢智慧分派任務，對學習成果有顯著的影響。二、依據強勢智慧分派任務，對網路學習行為有部分顯著的影響。三、網路學習歷程檔案評量中，依據強勢智慧分派任務之學習者，其網路學習行為對學習成果具有部分的預測作用。四、探討依據強勢智慧分派任務之學習者，其學習評量活動質化內容意義，可以看出其中隱含有學習者能自主學習、自我反省，以及資訊能力提升、解決問題能力提升、回饋改進現象、表達和溝通能力提升、互動學習與分享觀摩增加的訊息內容。
","Taiwan","王為國, 2000, 國民小學應用多元智能理論的歷程分析與評估之研究, , ; 田耐青, 1997, 運用教學科技經營兒童的多元智慧, , ; 田耐青, 1999, 由多元智慧理論的觀點談教學評量：一些台灣的實例, , ; 伍賢龍, 2002, 國小原住民兒童與非原住民兒童學習風格之研究, , ; 江文吉, 2001, 屏東縣原住民學童多元智能與自我概念關係之研究, , ; 余民寧, 2003, 多元智力理論教學評量的省思, , ; 吳明隆, 1997, 國小學生電腦態度評定量表的探究, , ; 吳明隆, 1997, 國小學生數學學習行為與其電腦焦慮、電腦態度關係之研究, , ; 吳明隆, 2000, SPSS 統計應用實務, , ; 吳武典, 2003, 多元智能與學校經營, , ; 吳清山, 1997, 教育名詞：卷宗評量, , ; 吳毓瑩, 1995, 開放教室中開放的評量：從學習單與檢核表的省思談卷宗評量, , ; 吳毓瑩, 1996, 評量的蛻變與突破─從哲學思潮與效度理論思考起, , ; 吳鐵雄, 1998, 電腦網路在中小學教育上之應用研究, , ; 呂鴻榮, 2000, 生活科技實習教師遠距輔導系統之研究, , ; 李心瑩, 2000, 再建多元智慧：21世紀的發展前景與實際應用, , ; 李同立, 2003, 網路化學習歷程檔案在國小主題教學之研究, , ; 李坤崇, 1999, 多元化教學評量, , ; 李坤崇, 2001, 綜合活動學習領域教材教法, , ; 李建億, 2002, 網路同儕互評系統之建置與作品分派機制之初探, , ; 李新民, 2000, 電子卷宗在教育上的應用, , ; 卓宜青, 2001, 網路化學習歷程檔案系統之設計及同儕評量, , ; 岳修平, 2000, 電子化學習歷程檔案實施之態度研究, , ; 林文蘭, 1999, Key School 遊記, , ; 林奇賢, 2000, 網路學習環境設計與虛擬學習社群的營造, , ; 林奇贀, 2000, 網路學習與網路學校的發展對教師專業表現的衝擊, , ; 林清山, 1999, 心理與教育統計學, , ; 林福泉, 2002, 國小學生以Microsoft Frontpage98學習網頁設計之成效與電腦態度之研究, , ; 邱瓊慧, 2000, 電子卷宗發展過程之探討, , ; 吳鐵雄, 2000, 教學評量質變的反思與建言, , ; 李平譯 , 1997, 經營多元智慧, , ; 桂怡芬, 1996, 紙筆與實作的互補：我的實作評量經驗, , ; 高豫, 1999, 網路上主題多元輔導兒童華語教材探討, , ; 高豫, 2001, 網路中幼稚園兒童兒歌主題的多元智慧發展, , ; 張美玉, 2001, 從多元智能的觀點談歷程檔案評量在教育上的應用, , ; 張基成, 2000, 網路化學習歷程檔案之評鑑與效果分析之研究, , ; 張基成, 2001, 網路化學習歷程於師資培育課程之實施經驗及探討, , ; 張清源, 2003, 小組互評式電子卷宗教學在國小自然科學習上之研究, , ; 張清濱, 1996, 多元化的教學評量, , ; 張滄敏, 2001, 多元智慧學習角：不一樣的晨光和午休時間, , ; 張靖宜, 2003, 使用OLAP分析學生的網路學習歷程, , ; 教育部, 2000, 國民中小學九年一貫課程暫行綱要, , ; 梁宗賀, 1998, 網路卷宗評量在國小電腦科教學之研究, , ; 梁宗賀, 2000, 網路卷宗系統之發展與應用, , ; 莊安祺, 1998, 7種IQ, , ; 莊明貞, 1995, 在國小課程的改進與發展—真實性評量, , ; 郭俊賢, 1999, 多元智慧的教與學, , ; 郭俊賢, 2000, 落實多元智慧教學評量, , ; 陳年興, 2001, 網路學習之學習行為與學習成效分析, , ; 陳年興, 2001, 網路學習之學習歷程分析系統, , ; 陳佩正, 2001, 多元智慧融入教學與領導─ 新城小學的發展歷程與現身說法, , ; 陳國棟, 2002, 教學網站學習評量、學習歷程與學習行為分析標準化之研究, , ; 陳得利, 2002, 網路化歷程檔案系統之設計與實作, , ; 陳淑惠, 1999, 如何以多元智慧統整學科形成主題教學, , ; 陳惠萍, 2000, 檔案在教育實習課程之運用, , ; 陳瓊森, 1995, 超越教化的心靈, , ; 游榮祥, 2002, 國小五年級自然科實施電子化歷程檔案之行動研究, , ; 張基成, 1996, 網路化學習歷程檔案系統, , ; 黃秀文, 1996, 從傳統到變通：教學評量的省思, , ; 黃耿鐘, 2002, 網路學習檔案評量系統及學習檔案成效指標之研究, , ; 楊莉玲, 2004, 學習歷程檔案評量對國一學生自然與生活科技領域學習動機之影響, , ; 鄒慧英, 1999, 檔案於國語科教學評量之應用, , ; 鄒慧英, 2000, 多元化的檔案評量, , ; 廖聖傑, 2003, 從學習歷程檔案建構決策樹以支援網路教學, , ; 劉旨峰, 2002, 網路化學習歷程檔案評量之學習成效分析及未來展望, , ; 劉晨鐘, 2001, 網路學習歷程之知識探索：學習效能評鑑之工具, , ; 劉惠如, 1999, 整合式網路教學之課程設計與教學成效, , ; 蔡芳遠, 2002, 在網際網路專題導向學習的環境中思考風格對學習遷移影響之研究, , ; 鄭雅文, 2002, 網路化反省思考學習歷程檔案的設計與應用, , ; 鄭麗玉, 1999, 教學評量的改革, , ; 黎萬興, 2004, 應用歷程檔案評量於偏遠國小自然科教學之行動研究, , ; 盧雪梅, 1998, 實作評量的應許、難題和挑戰, , ; 賴羿蓉, 1999, 多元智力與教學, , ; 戴翠華, 2000, 運用「檔案評量」在自然科實際教學之研究, , ; 謝佳蓁, 2000, 國小高年級學生多元智能、思考風格、與批判思考能力之關係, , ",,7,,2004,0,129,,"21","國立臺南大學",
"陳麗珠","Chen li-ju","以學習歷程檔案探究國小五年級學童「奇妙的水」教學單元的概念學習","國立台北師範學院","水; 歷程檔案; 概念學習; 學習成就",,"本研究是以學習歷程檔案探究國小五年級學童「奇妙的水」教學單元的概念學習。研究目的為：（一）學習歷程檔案對國小五年級學童「奇妙的水」單元學習成就的影響（二）學習歷程檔案對國小五年級學童學習持續效果的影響（三）以學習歷程檔案探討學童「奇妙的水」單元相關概念之概念改變與再建構之歷程。
           本研究採準實驗研究法，以台北縣三鶯區某國民小學五年級四個班級共133名學童為研究對象。以選擇式紙筆測驗，將學童前測、後測及延宕後測成績進行單因子共變數分析，並利用學習歷程檔案（含概念圖、自然札記、學習單）、晤談及問卷等方式，了解學童概念架構與概念學習之歷程。研究結果與發現如下：
           一、學習歷程檔案對國小五年級學童「奇妙的水」單元學習成就的影響：
           （一） 實驗組和控制組在「奇妙的水」單元的後測成績有顯著差異。
           （二） 實驗組高推理能力學童的學習效果與中推理能力的學童相似；高、中推理能力學童的學習效果顯著優於低推理能力的學童；控制組高推理能力學童的學習效果與中推理能力的學童相似；高、中推理能力學童的學習效果顯著優於低推理能力的學童。
           二、學習歷程檔案對國小五年級學童學習持續效果的影響
           （一） 實驗組和控制組延宕後測的成績達顯著差異。
           （二） 實驗組高、中、低推理能力的學生，延宕後測的成績未達到顯著差異；控制組高推理能力學童的學習效果與中推理能力的學童相似，高、中推理能力的學童學習持續效果與低推理能力的學童有顯著差異。
           三、學童「奇妙的水」單元相關概念學習
           （一）在另有概念方面：學童認為1.濕球溫度計溫度較低是因為水濕濕的，比較冷。2.空氣溫度降低時，空氣中能容納的水蒸氣量變多。3.雲是高空的水蒸氣聚集起來的。
           （二）教學前後概念比較：1.教學前學童對酸性、鹼性、中性溶液認識不清，且對酸的了解皆甚於鹼；教學後，大多都能引入酸鹼指示劑加以判斷酸鹼。
           2.在水溶液的導電性方面，學童在教學前對於何種溶液會導電大多以直覺或猜測的，教學後知道大部分的水溶液都會導電。
           關鍵字：水、歷程檔案、概念學習、學習成就
","Taiwan","王美芬, 1991, 自然科錯誤概念之研究, , ; 王美芬, 1995, 國民小學自然科教材教法, , ; 牛頓教科書, 2003, 國民小學九年一貫自然與生活科技領域教學指引五年級上學期, , ; 台灣東方, 1994, 漫畫科學小百科--千變萬化的氣象, , ; 全中平, 2002, 九年一貫自然與生活科技課程與自然課程標準課程在教材與教學上之銜接問題與處理, , ; 朱則剛, 1999, 教育傳播與科技, , ; 余民寧, 1997, 有意義的學習─概念圖之研究, , ; 余淑君, 2002, 以動態評量探究國小五年級學童酸鹼概念的概念改變機制, , ; 宋志雄, 1992, 探究國三學生酸與鹼的迷思概念並應用已發展教學診斷工具, , ; 李佳玲, 2003, 以歷程檔案方式探究國小五年級學童「觀測太陽」教學單元的概念學習, , ; 李坤崇, 1999, 多元化教學評量, , ; 李俊榮, 2001, 學習歷程檔案輔助鄉土植物教學之行動研究, , ; 吳芝儀, 1995, 質的評鑑與研究, , ; 吳明清, 1991, 教育研究─基本觀念與方法之分析, , ; 吳清山, 1997, 卷宗評量, , ; 吳毓瑩, 1997, 我看、我畫、我說、我演、我想、我是誰呀？卷宗評量概念、理論、與應用, , ; 邱喚文, 2001, 利用概念圖探究國中三年級學生「酸與鹼」的概念學習, , ; 林芳白, 1998, 歷程檔案輔助遠距實習輔導系統之建構, , ; 林顯輝, 1993, 國小兒童水循環概念之研究, , ; 林顯輝, 1995, 國小兒童蒸發與凝結概念之研究, , ; 涂金堂, 1998, 後設認知理論之介紹菁莪季刊, , ; 耿筱曾, 1997, 為什麼概念構圖是一種有用效的教學策略, , ; 耿筱曾, 2000, 國小學童概念學習之研究, , ; 柯志恩, 2003, 從後設認知談統整課程知能之發展, , ; 許民陽, 1996, 國小中年級學童對雲和雨兩天氣變化概念的研究, , ; 教育部訓育委員會, 1998, 各級學校可用測驗使用手冊, , ; 張世忠, 1998, 社會建構教學與科學概念, , ; 張美玉, 1996, 歷程檔案評量再建構教學之應用：一個科學的實徵研究, , ; 張美玉, 2000, 歷程檔案評量的理念與實施, , ; 張美玉, 2003, 歷程檔案評量在概念學習的應用, , ; 張春興, 1995, 張氏心理學辭典, , ; 張振成, 1997, 教學評量的新趨勢：實作評量與檔案評量, , ; 張凱綸, 2002, 國小學童對「水的三態變化」概念之研究, , ; 張敬宜, 1993, 精熟學習理念對師院非數理系學生化學成就之探討--酸、鹼與鹽, , ; 張敬宜, 1997, 國小高年級學童蒸發、凝結與沸騰概念之研究, , ; 張敬宜, 1998, 教師對國小四年級學童蒸發、凝結與沸騰概念瞭解之研究, , ; 張靜儀, 2002, 科學迷思概念的研究與概念改變教學, , ; 陳李綢, 1990, 近代後設認知理論的發展與研究趨勢, , ; 陳李綢, 1999, 認知發展與輔導, , ; 陳姍姍, 1993, 我國國三學生酸鹼概念之研究, , ; 陳景期, 2003, 以人本建構教學策略探究國小五年級學童酸鹼概念之概念改變機制, , ; 陳聖謨, 1998, 「檔案」在師資培育上的應用, , ; 陳嘉成, 1998, 合作學習是概念構圖在國小自然科教學之成效研究, , ; 陳瓊森, 1998, 從建構主義觀談概念形成及概念轉變國民中學學生概念學習, , ; 郭重吉, 1988, 從認知觀點探討自然科學的學習, , ; 郭重吉, 1992, 從建構主義的觀點探討中小學數理教學的改進, , ; 郭瑞濤, 2000, 地球科學概論, , ; 黃才立, 1992, 物質變化的概念分析研究, , ; 黃文三, 2000, 從認知心理學的立場談知識的角色與後設認知, , ; 黃台珠, 1998, 概念圖－看重有意義學習的工具--科學教育的理念及趨勢, , ; 黃素秋, 2003, 國小四年級學生對雲、霧、露、霜、雪等天氣現象概念認知研究, , ; 黃湃翔, 2001, 概念改變的教學模式, , ; 黃萬居, 1994, 國小高年級學生的認知階層與酸鹼概念之研究, , ; 黃鴻博, 1998, 概念構圖在自然教學上的運用, , ; 黃寶鈿, 1999, 從幾個學生錯誤概念的實例談理化科的教材教法, , ; 湯清二, 1993, 我國學生生物細胞概念發展研究─迷思概念之晤談與概念圖, , ; 董正玲, 1992, 利用晤談方式探究國小兒童運動與力概念的另有架構, , ; 詹志禹, 1996, 認識與知識：建構觀VS.接受觀, , ; 甄曉蘭, 1997, 建構教學理念的興起及其應用, , ; 楊宗仁, 1991, 後設認知的源起及其理論, , ; 楊龍立, 1997, 建構主義評析─在課程設計上的啟示, , ; 楊龍立, 1998, 建構教學研究, , ; 賈馥茗, 1999, 人格教育學, , ; 趙金祁, 1995, 建構論在科學教育研究的典範類型與應用（一）－建構論的典範與評析, , ; 廖信達, 2002, 建構主義及其對幼教課程的啟示─從皮亞傑與維高斯基的理論談起, , ; 劉珀伶, 2003, 歷程檔案式評量在教學上的應用, , ; 鄭湧涇, 1998, 概念學習研究對科學教學與師資培育的殷示, , ; 熊召弟, 1995, 學童的生物觀, , ; 熊召弟, 1996, 科學學習心理學, , ; 歐滄和, 1998, 談學習歷程檔案法的點點滴滴教育資料與研究, , ; 蕭家慧, 2002, 利用概念構圖的動態評量方式探究國小五年級學童在光和顏色的概念學習, , ; 魏明通, 1997, 科學教育, , ; 鍾聖校, 1994, 對科學教育錯誤概念研究之省思, , ; 羅廷瑛, 2001, 有意義的學習─概念構圖教學策略, , ",,16,,2004,0,262,,"22","國立台北師範學院",
"楊莉玲","Yang Li Ling","學習歷程檔案評量對國一學生自然與生活科技領域學習動機之影響","彰化師範大學","學習歷程檔案評量; 紙筆測驗評量; 學習動機;自我學習效能; 內在目標導向;成功期望",,"本研究目的為設計實驗以探討實施學習歷程檔案評量對國一學生學習自然科學習動機的影響，並比較實施傳統紙筆測驗方式與實施學習歷程檔案評量方式對國一學生學習自然科在學習動機上是否有顯著差異。
           「國中學生自然科學習動機問卷」經資料分析之後，結果發現在學習動機的價值成分中內在目標導向、期望成分中的自我學習效能方面及成功期望方面實驗組明顯優於對照組。「學習歷程檔案回饋問卷」經過整理分析之後，發現實驗組學生有學習動機方面的轉變之外，在面對新的評量方式時是抱持著好奇、有趣的心態，同時也同意學習歷程檔案評量能讓他們藉由同儕互評觀摩的機會反省與學習，從中獲得更多，也培養了主動學習的能力。
             綜合以上的研究結果，發現學生實施學習歷程檔案評量確實比傳統紙筆測驗更能增加學生在自然科的學習動機。
","Taiwan","王文中, 1999, 教育測驗與評量－教室學習觀點, , ; 王美芬, 2001, 九年一貫學校本位、統整課程及多元評量的實踐—以「自然與生活科技」領域為例, , ; 王詠, 2002, 教學創新多元評量─檔案評量評析, , ; 田麗娟, 2001, 國小自然科評量方式之行動研究─以學習歷程檔案評量為例, , ; 江文慈, 1997, 整合與超越：多元智力取向的評量, , ; 江南發, 1995, 學習動機教育心理學, , ; 李坤崇, 1999, 多元化教學評量, , ; 呂枝益, 1999, 分數主義下的學習困境與出路, , ; 沈添鉦, 2003, 高年級國語科卷宗評量中的師生互動及學生自平與互評之研究, , ; 林世娟, 2001, 國小學童「科學態度」及「對科學的態度」之研究 ~ 以植物的生長教學活動為例, , ; 林世華, 2000, 由多元評量的觀念看傳統評量的角色與功能, , ; 范淑惠, 2002, 國中理化課室試行歷程檔案之行動研究, , ; 吳靜吉, 1992, 激勵的學習策略量表之修訂, , ; 吳毓瑩, 1993, 教學評量的學與用, , ; 周錦鍾, 2002, 自然科教學多元評量, , ; 侯雅齡, 2000, 如何有效運用多元評量結果, , ; 胡秉正, 1995, 國中系列學業性向測驗指導手冊, , ; 莊玉梅, 2001, 「自然與生活科技」多元評量, , ; 梁源, 2003, 「學習歷程檔案」於國一資優生自然科教學之應用及與後設認知關聯之探討, , ; 梁志宏, 1991, 學習動機與興趣, , ; 黃靜雯, 2002, 自然與生活科技領域-多元評量教學心得分享, , ; 陳月英, 2001, 提升低成就學生的學習動機, , ; 陳文典, 2000, 實作評量的理念與實施, , ; 陳惠媛, 2002, 自然與生活科技領域-實作評量教學心得分享, , ; 陳聖謨, 1998, 「檔案」在師資培育上的應用, , ; 郭生玉, 1998, 心理與教育測驗, , ; 郭騏睿, 2001, 多元評量的困境, , ; 教育部, 1998, 國民中小學九年一貫課程總綱綱要, , ; 單文經, 1998, 評價兩種多元評量：真實評量與操作評量, , ; 彭森明, 1996, 實作評量理論與實際, , ; 張玉茹, 1997, 國民中學學生英語學習動機、英語學習策略與英語學習成就相關之研究, , ; 張美玉, 2000, 歷程檔案評量的理念與實施, , ; 張美玲, 2000, 以專題為基礎之教學與學習對國小學生自然科學習動機與學習成就之影響, , ; 張春興, 1991, 現代心理學, , ; 張春興, 1995, 張氏心理學辭典, , ; 張春興, 1996, 教育心理學-三化取向的理論與實踐, , ; 張振成, 1997, 教學評量的新趨勢：實作評量與檔案評量, , ; 張基成, 2000, 網路化學習歷程檔案之評鑑與效果分析之研究, , ; 張麗麗, 2002, 檔案評量信度與效度的分析-以國小寫作檔案為例, , ; 湯清二, 1997, 另一種評量工具的選擇─學習檔案, , ; 程炳林, 1991, 國民中小學激勵的學習策略之相關研究, , ; 程炳林, 2001, 大學生學習工作、動機問題與自我調整學習策略之關係, , ; 程炳林, 2000, 中學生自我調整學習之研究, , ; 董志峰, 1996, 從杜威實用主義的教育思想看未來九年一貫自然與生活科技領域中自然課程的教學與評量國教輔導, , ; 葉學志, 1994, 教育概論, , ; 廖佳仁, 1998, 國民小學自然科不同評量程序對五年級學生學習動機與策略之影響, , ; 蔡仁勝, 1999, 卷宗評量的前景, , ; 鄭富森, 1996, 非紙筆測驗, , ; 盧青延, 1992, 我國國民中學補習學校學生學習動機、學習策略與學業成就關係之研究, , ; 盧欽銘, 1992, 教學評量研究, , ; 戴君佩, 2001, 國民小學自然科卷宗評量對三年級學生學習動機之影響, , ; 謝祥宏, 2001, 教學與評量─一種互為鏡像關係, , ; 簡茂發, 2002, 多元化評量之理念與方法, , ",,21,,2004,0,135,,"23","彰化師範大學",
"溫嫻靜","Wen Hsien Ching","網路化學習歷程檔案於藝術與人文教學之應用","臺北市立師範學院","藝術與人文; 學習歷程檔案; 學習歷程檔案評量; 網路互評",,"科技的進步不曾改變藝術領域教學的本質，但卻讓學習過程與成果開了另一扇窗。藝術的創作過程與作品，與圖像、聲音息息相關，如何記錄、保存與分享，變成了藝術課程的一大課題，電子媒材與網際網路讓這個課題找到了解決的途徑。
           研究者在九十一年八月參考文獻資料，開始規劃網路化學習歷程檔案系統「Art Studio」的建置；經一年的實施後，研究者參考使用者、程式設計者的意見與其他相關研究，進行第二次的改版。本研究的研究目的在探討「小學高年級階段藝術與人文特色」為基底的網路化學習歷程檔案系統之發展策略，並評估這個系統中收錄、回饋互動、互評功能之使用滿意度與學習成效，在訪談與使用者評鑑問卷中可以看到本系統受到使用者很高的評價。因此，本研究中所發展的「網路化學習歷程檔案系統」，在藝術與人文領域的應用是值得推廣與繼續研究的。
           本研究也提出以下建議，以作為日後發展網路化歷程檔案系統及後續研究者之參考與應用：
           （1）對教學者的建議：
              （1.1）邀請家長與其他老師參與，並共同擔任教學引導的角色
              （1.2）學生主導討論區的發起與討論，真正達到主動學習的目的
              （1.3）發起班際互評活動時，注意客觀與公平性
              （1.4）記錄學習者使用的地點及頻次，了解學習者學習態度與學習方式
           （2）對系統設計者的建議：
              （2.1）設計更人性化的介面，讓使用者更容易操作
              （2.2）網路互評功能更多元化
              （2.3）網路互評後，互評結果出現時機的調整
              （2.4）系統功能的擴增，提高學習者的興趣與更完整的學習記錄
           （3）對學校的建議：
              （3.1）硬體方面：「班群或專科教室中設置數台可供上網的電腦」、「提昇校園網路的安全與穩定性」
              （3.2）軟體方面：網路化歷程檔案系統中開發的各項模組，開放給更多教學者使用。
           最後，提出系統未來發展方向，作為後續研究的參考：
           （1）學生網路學習歷程檔案的組織與評量
           （2）教師教學檔案與學生學習檔案的整合
","Taiwan","王千倖, 2001, Web科技應用之教學行動研究, , ; 江雪齡, 1995, 教學成效的依據─教學檔案的建立, , ; 李同立, 2002, 網路化學習歷程檔案在國小主題教學之研究, , ; 吳青樺, 2003, 案例教學法在教師專業成長網路學習社群之發展, , ; 吳俊傑, 2003, 國小視覺藝術課程統整設計之初探, , ; 林奇賢, 1998, 網路學習環境的設計與應用, , ; 林奇賢, 2000, 網路學習與網路學校的發展對教師專業表現的衝擊, , ; 林珊如, 2001, 工業職業學校組合語言程式設計推行同儕互評的個案研究 ：互評效度及學生態度, , ; 岳修平, 2000, 電子化學習歷程檔案實施之態度研究, , ; 呂燕卿, 1999, 九年一貫「藝術與人文」課程綱要及實施原則, , ; 呂燕卿, 1999, 藝術與人文學習領域綱要與統整性互融式課程設計之觀念, , ; 高震峰, 2002, 藝術與人文建構式教學取向：超廣度與超深度, , ; 張文山, 2001, 數位媒體設計課程網路化合作學習歷程檔案環境之建構, , ; 張文山, 2003, 以視覺合作設計為基礎之數位學習模式：改善數位媒體設計課程的新方法, , ; 張美玉, 2000, 歷程檔案評量的理念與實施, , ; 張麗麗, 2000, 什麼樣的檔案才值得？談自主學習檔案的基本要素, , ; 教育部, 2001, 國民小學九年一貫課程暫行綱要, , ; 教育部, 2003, 九年一貫課程：學習領域---藝術與人文, , ; 曾江合, 2003, 網路化個人及團體學習歷程檔案系統之建置與評估, , ; 黃德祥, 1997, 同儕輔導的功能與推展, , ; 梁宗賀, 1999, 網路卷宗評量在國小電腦科教學之研究, , ; 童宜慧, 1999, 網路化學習檔案系統的建置與實施, , ; 邱貴發, 1996, 情境學習理念與電腦輔助學習：學習社群理念探討, , ; 邱貴發, 1998, 網路世界中的學習：理念與發展, , ; 湯清二, 1997, 另一種評量工具的選擇─學習檔案, , ; 楊淑惠, 2002, 數位化學習檔案系統建置之研究—以國小美勞課為例, , ; 溫嫻靜, 2003, 電子化學習歷程檔案系統在國小視覺藝術鑑賞課程教學與評量上的應用, , ; 陳得利, 2002, 網路化歷程檔案系統之設計與實作, , ; 陳聖謨, 1998, 「檔案」在師資培育上的應用, , ; 郭禎祥, 2002, 當代藝術教育的新方向, , ; 廖釗概, 2000, 網路學習社群在國小體育教學上應用的初探, , ; 賴羿蓉, 2000, 簡介真實評量, , ; 顏永進, 1997, 資訊科技融入學習領域設計策略初探, , ",,13,,2004,0,143,,"24","臺北市立師範學院",
"梁   源","Liang Yuan","「學習歷程檔案」於國一資優生自然科教學之應用及與後設認知關聯之探討","國立臺灣師範大學","學習歷程檔案; 後設認知; 資優生",,"本研究的主要目的有：一、探究國一資優學生自然科的學習歷程檔案與後設認知表現（包含學習動機、計劃策略、自我調整、自我評鑑）的關聯性，二、建構適用於資優學生學習歷程檔案的架構與評量規準，三、評估學習歷程檔案融入國中資優生自然科教學的可行性。本研究的研究對象為位於台北縣某國中國一資優班學生，共三十位。教學方面主要分為二部分：一是教導資優生學習歷程檔案的內容與建構，另一是在自然科教學中，融入後設認知策略的教學活動。
           本研究中發現：在後設認知問卷中的學習動機部分，即自我效能、內在動機、追求成功、避免失敗等四個向度上，教學前後的問卷表現結果並無明顯差異。而在後設認知的執行上，不論是計畫策略、自我調整及自我評鑑等向度，則皆有顯著差異，顯示資優生後設認知的執行，於教學後有明顯進步。
           在對學習歷程檔案的觀感問卷中發現：百分之九十四的學生喜歡製作學習歷程檔案，但只有百分之六十的學生能接受將學習歷程檔案納入自然科的學習評量成績，而有意願將經驗傳承下去的比例，達百分之八十七，但願意繼續製作學習歷程檔案的，只有百分之七十。
           而在三種評量成績之間的相關統計上，學習歷程檔案評量成績與自然科學習成績，呈現高度相關，另學習歷程檔案評量成績與自然科性向測驗成績，則呈現中度相關。因此將學習歷程檔案融入國中資優生自然科教學與評量，應具有其合理性。
           本研究並開發了學習歷程檔案的建構層次，研究者將學習歷程檔案的要求分成三個層次，分別是基本要求、成長要求及自我展現要求，當學生達成基本要求後，便鼓勵依其能力及興趣，陸續達成成長及自我展現要求。
","Taiwan","Clark, Barbara, 1990, 九十年代的智慧增長, , ; 王靜璇, 2000, 專題導向科學學習之教學研究：以國中學生學習「彩虹」為例, , ; 何東墀, 1996, 後設認知策略教育對國小閱讀障礙學童閱讀理解成效之研究, , ; 吳武典, 1985, 國中資優班學生的個人特質、學習環境與教育效果之探討, , ; 吳毓瑩, 1995, 開放教室中開放的評量：從學習單與檢核表的省思談卷宗評量, , ; 吳毓瑩, 1996, 評量的蛻變與突破─從哲學思潮與效度理論思考起, , ; 呂金燮, 1999, 評量與教學的聯結, , ; 李玉惠, 1999, 資優生真的有較好的後設認知嗎？, , ; 李美華, 1998, 社會科學研究方法, , ; 林余思, 2002, 國中學生在資訊科學融入生物科學習中後設認知的表現, , ; 邱上貞, 1989, 後設認知研究在輕度視障者教學上的應用, , ; 施志宜, 1998, 高低後設認知能力國三學生閱讀地球科學說明文之差異, , ; 施婉菁, 1999, 卷宗評量中師生觀點的展露─以國小自然科為例, , ; 胡永崇, 1994, 後設認知策略對國小閱讀障礙學童閱讀理解成效之研究, , ; 胡永崇, 1999, 國語文低成就學生後設認知能力之研究, , ; 張春興, 1994, 教育心理學, , ; 張美玉, 1996, 歷程檔案評量再建構教學之應用：一個科學的實徵研究, , ; 張美玉, 2000, 歷程檔案評量的理念與實施, , ; 張美玉, 2001, 從多元智能的觀點談學生學習歷程檔案評量在教學評量上的應用, , ; 張景媛, 1990, 後設認知能力與資優教育, , ; 張景媛, 1994, 國中生數學學習歷程統整模式之研究, , ; 張景媛, 1997, 青少年的價值觀、後設認知與學習動機對情緒適應影響之研究, , ; 張新仁, 1992, 國中地理學習之後設認知研究, , ; 張麗麗, 2000, 檔案評量模式之建構及其實施成效與信、效度之探討：以國小寫作檔案為例, , ; 教育部, 2000, 國民中小學九年一貫課程暫行綱要, , ; 郭俊賢, 2000, 落實多元智慧教學評量, , ; 郭美如, 1999, 後設認知的教學成效及其相關變數之分析－以小六及國一數學資優生為對象, , ; 郭靜姿, 1992, 閱讀理解訓練方案對於增進高中學生閱讀策略運用與後設認知能力之成效研究, , ; 郭靜姿, 1994, 不同閱讀能力學生成敗歸因方式、策略運用與後設認知能力之差異比較, , ; 郭靜姿, 1998, 誰適合加速？, , ; 陳李綢, 1990, 近代後設認知理論的發展與研究趨勢, , ; 陳李綢, 1992, 國小學男女生後設認知能力與數學作業表現的關係研究, , ; 賴羿蓉, 2001, 學習成長檔在高職化學課程實施成效之研究, , ; 簡茂發, 2000, 多元評量之理念與實務, , ; 魏仲莉, 2001, 資優教育與九年一貫, , ; 魏麗敏, 1995, 後設認知學習理論與策略, , ",,0,,2003,0,109,,"25","國立臺灣師範大學",
"李同立","Tung-li Lee","網路化學習歷程檔案在國小主題教學之研究","國立臺南大學","主題教學; 網路化",,"電腦及網際網路的普及，使得學習不再只是坐在教室中由老師對學生的單純授課。透過網路來進行融入教學或學習，不僅突破了時空的限制，更提供了互動且多樣化的學習環境。
    本研究旨在發展學校本位主題統整課程：飲水思源—探訪家鄉的生命之河，融入資訊教育、環境教育議題，透過亞卓市全民學校供系統平台所提供的弁遄A評估網路化學習歷程評量的成效性以及學生對網路輔助學習的看法及態度。
研究結果發現：一、94﹪的學生肯定亞卓市全民學校系統有助於學習，影響學生完成作業的因素，依次是使用電腦時間太少、資訊能力不足、打字太慢；100﹪的學生肯定網路化學習歷程檔案的評量方式。二、運用數位學習平台於主題教學，學生在學習社群獲得同儕的肯定與協助，經由網路互動討論而建構知識內涵；透過主題教材網站的引導，養成優質主動的學習態度。三、網路化學習歷程檔案評量揭開學生學習歷程的真實面紗，教學者可以窺見學習者學習之多元風貌，並且深入瞭解學生學習歷程、學習困難及學習成長。四、運用網路化學習歷程檔案於主題教學，有助於教師在資訊素養及課程發展、課程研究與課程實施的專業智能成長。
","Taiwan","方德隆, 2001, 學校本位課程發展的理論基礎, , ; 王千倖, 1998, Web-based網路教學管理系統, , ; 王國華, 1995, 建構與學習, , ; 王鑫, 1999, 地球環境教育與永續發展, , ; 江武雄, 1995, 建構主義的教學策略—以「科學教育專題研究」為例, , ; 何俊青, 2000, 建構式概念教學在國民小學社會科的實驗研究, , ; 李克東, 1998, 應用資訊科技構建創造教育新模式, , ; 李坤崇, 1999, 多元化教學評量, , ; 林甘敏, 2001, 建構式電腦網路輔助教學教材的選擇與設計原則, , ; 林生傳, 1997, 建構主義的教學評析, , ; 林偉人, 2000, 學校本位的課程發展, , ; 邱貴發, 1996, 情境學習理念與電腦輔助學習：學習社群理念探討, , ; 徐新逸, 1996, 情境學習在數學教學上之應用, , ; 高新建, 2000, 以基本能力及能力指標為本位發展統整課程, , ; 高新建, 1999, 學校本位課程發展手冊, , ; 張松濱, 2001, 亞卓市全民學校系統設計與初步使用成果 , , ; 張美玉, 1996, 歷程檔案評量再建構教學之應用：一個科學的實徵研究, , ; 張美玉, 2000, 歷程檔案評量的理念與實施, , ; 張美玉, 2001, 從多元智能的觀點談檔案歷程評量在教育上的應用, , ; 張振成, 1997, 教學評量的新趨勢：實作評量與檔案評量, , ; 張基成, 2000, 一個架構於全球資訊網上的電子化學習歷程檔案, , ; 張基成, 2000, 網路化學習歷程檔案系統之建置—一個電子化的真實性學習評量工具, , ; 張基成, 2000, 網路化學習歷程檔案系統之評鑑與效果分析之研究, , ; 張惠博, 1995, 學習的社會層面觀點:科學教師的基本見解, , ; 游榮祥, 2001, 國小高年級自然科實施電子化歷程檔案之行動研究, , ; 張嘉育, 1999, 學校本位課程發展, , ; 張靜嚳, 1995, 何謂建構主義？, , ; 教育部, 1998, ：國民教育九年一貫課程總綱綱要, , ; 梁宗賀, 1999, 網路卷宗評量在國小電腦科教學之研究, , ; 莊益瑞, 2001,  新世紀學習模式─主動社會學習 (小明的一天), , ; 莊嘉坤 , 1997, 談國小科學教育與鄉土自然教學, , ; 陳德懷, 2000, 主動社會學習及應用, , ; 黃世傑, 1995, 建構與教學, , ; 黃政傑, 1991, 課程設計, , ; 黃政傑, 1998, 課程改革的理念與實踐, , ; 黃政傑, 1999, 課程改革, , ; 楊龍立, 1997, 建構主義教學的檢討, , ; 鄒慧英, 2000, 檔案於國語科教學評量之應用, , ; 劉美娥, 1999, 國民小學主題統整課程設計初探, , ; 蔡清田, 1999, 推動學校本位課程發展, , ; 蔡寬信, 2001, 統整課程設計, , ; 盧雪梅 , 1998, 實作評量的應許、難題和挑戰, , ; 盧雪梅, 2001, 學習檔案評量的理念與實務, , ; 薛梨真, 1999, 國小課程統整的理念與實務, , ; 薛梨真, 1999, 課程統整手冊, , ; 顏榮泉, 1996, 全球資訊網在教學與學習上之應用探討, , ; 羅清水, 1998, 九年一貫課程與學校本位課程發展, , ",,33,,2003,0,102,,"26","國立臺南大學",
"陳弘英","CHEN, Hung-ying","國小學童讀寫學習歷程檔案評量之研發與驗證","臺中師範學院","檔案評量; 讀寫檔案評量; 讀寫能力",,"本研究旨在研發一份屬於國小二年級學童的讀寫檔案評量，再利用讀寫檔案評量方式，針對國小二年級學童讀寫能力的發展與能力指標，配合教材讀寫重點，編擬讀寫試題，進一步探討國小二年級學童的讀寫能力的表現分析，以及國小學童家長對讀寫檔案評量方式的看法及可行性。
            本研究所使用之研究工具有自編之「國小二年級讀寫檔案評量試題」、「國小二年級讀寫評分量表」、「家長讀寫檔案評量意見調查問卷」。就研究對象而言，研究之受試對象為台南縣某一所國民小學二年級五個班級的學童，包括男生91人，女生83人，共計174人，以及受試家長158位。研究結果如下：
           一、本讀寫評量對二年級學童讀寫能力係為一適切的評量工具。
           二、本二年級讀寫評分量表具有可信度與可行性。
           三、學童在五個讀寫評分向度的讀寫能力，的確有表現的差異。
           四、讀寫評量內容出自課文題材，學生有最好的理解能力表現。
           五、國小二年級學童寫作上的情意表達過於薄弱。
           六、讀寫評量結果與語文成績的相關，達顯著水準。
           七、在讀寫能力的表現上，女性學童較優於男性學童。
           八、家長對讀寫檔案評量的可行性抱持積極正向的態度。
           九、除主要家庭社經地位因素外，母親年齡與陪讀時間兩個家庭因素影響學童讀寫能力的表現。
           最後，根據研究結果，對教師、家長與教育行政單位提出若干建議。
","Taiwan","何三本, 1999, 九年一貫語文教材之編選與教學之設計, , ; 宋文菊, 1999, 國小學童在閱讀理解實作評量上的表現分析, , ; 余民寧, 1997, 教育測驗與評量—成就測驗與教學評量, , ; 李坤崇, 1999, 多元評量, , ; 李萬吉, 2002, 康軒版國民小學語文領域第三冊的課本、習作及教學指引, , ; 吳鐵雄, 1996, 國民小學新課程國語科試用本教科用書之評析研究, , ; 陳英豪, 1989, 兒童寫作能力測驗編製報告, , ; 陳嘉皇, 2000, 加強兒童讀寫能力以促進統整課程的學習, , ; 陳鳳如, 2000, 閱讀與寫作整合的寫作歷程模式之適配度研究, , ; 教育部, 1993, 國民小學課程標準, , ; 教育部, 1994, 第七次全國教育會議記錄, , ; 教育部, 2000, 國民中小學九年一貫課程暫行綱要, , ; 教育部, 2000, 我國中小學國語文基本學力指標系統規劃研究, , ; 許學仁, 2000, 翰林九年一貫課程各領域研究與發展：生活處處皆語文-語文領域統整課程芻議, , ; 彭森明, 1995, 國小語文教學成果評量之策略與方針, , ; 黃秀霜, 2001, 國中小九年一貫課程語文領域評量之研發與驗證, , ; 黃瑞琴, 1997, 幼兒讀寫萌發課程, , ; 黃繼仁, 1997, 美國小學全語言教學之研究, , ; 董蓓菲, 1997, 小學語文測驗原理及實施方法, , ; 鄒慧英, 1999, 檔案於國語科教學評量之應用, , ; 鄒慧英, 2000, 國小寫作檔案評量之發展研究, , ; 熊兆弟, 2000, 卷宗評量的設計及應用─以自然科為例, , ; 鄭英耀, 1997, 檔案教學, , ; 蔡銘津, 1996, 閱讀能力的測驗與評量, , ; 蔡銘津, 1998, 兒童讀寫能力的培養, , ; 歐陽教, 2000, 我國中小學國語文基本學力指標系統規劃研究之實施歷程與研究成果簡介, , ; 薛曉華, 1997, 全語言幼稚園-教學之理論與實務, , ; 謝銘德, 1993, 小學語文能力訓練, , ; 羅秋昭, 1999, 國小語文科教材教法, , ; 羅秋昭, 2001, 創思的閱讀教學, , ; 羅秋昭, 2001, 語文領域統整教學的實作與說明, , ",,8,,2003,0,132,,"27","臺中師範學院",
"廖慧雯",,"自然與生活科技課程實施學習歷程檔案評量之行動研究","臺中師範學院","自然與生活科技課程; 教學模組; 檔案評量; 行動研究",,"本研究的主要目的是探討在自然與生活科技課程中應用學習歷程檔案的評量過程及教師的自我專業成長。本研究主要採取行動研究的方式，研究的對象是國小高年級學生。使用的研究工具有學習單、學習日誌、行為觀察檢核表（老師、學生）、互評與自評單、學生作品等。進行為期一年半的教學研究。輔以訪談、課堂觀察紀錄、研究夥伴討論會議以及學生的學習歷程檔案，加以分析，並將資料進行三角校正，完整呈現研究者在自然與生活科技領域中應用學習歷程檔案評量的真實情境。
           從本行動研究中，研究者獲得以下的結論：
           一、應用學習歷程檔案評量於自然與生活科技領域的教學的過程為：首先確定教學者的教學目標、其次是將學習歷程檔案的內容融入自然與生活科技領域中，而一再反省、修正則是達成教學目標的重要因素。
           二、從學生的學習歷程檔案、研究者的教學日誌以及訪談的資料可以發現，學習歷程檔案融入自然與生活科技領域，可以幫助教師監控學生的學習以達成適性化、個別化教學的目標；而學生的學習歷程檔案內容也呈現出學生學習的多元面向。
           三、透過學習歷程檔案，教師可以做進一步的教學反省及改進。
           基於以上發現，研究者建議教師在教學方面給學生多元的表現機會、增加檔案多元項目、增加觀摩討論的機會、以正向的眼光看待學生的學習。
","Taiwan","丁振豐 , 1998, Howard Gardner多元智力取向的評量, , ; 王文中 , 2000, 擴展多元智慧評量落實多元智慧, , ; 田耐青 , 1999, 多元智慧理論：學習可以是快樂、成功的, , ; 田麗娟 , 2000, 國小自然科評量方式之行動研究─以學習歷程檔案評量為例, , ; 辛慶偉, 1998, 國小自然科卷宗評量建構效度之研究, , ; 李心瑩, 2000, 再建多元智慧：21世紀的發展前景與實際應用, , ; 李平譯 , 1997, 經營多元智慧：開展以學生為中心的教學 , , ; 李坤崇 , 1998, 多元教學評量, , ; 李坤崇 , 1999, 多元化教學評量, , ; 何縕琪 , 1997, 卷宗評量在教學上之應用, , ; 林天佑 , 1996, EQ教育面面觀, , ; 吳清山, 1997, 卷宗評量, , ; 吳靜吉 , 1997, IQ、EQ以外還有哪些智慧呢？, , ; 吳毓瑩 , 1993, 教學評量的學與用, , ; 吳毓瑩 , 1998, 我看、我畫、我說、我演、我想、我是誰呀？卷宗評量概念、理論、與應用, , ; 柯份 , 1993, 多元評量學生的學習結果, , ; 施婉菁 , 1999, 卷宗評量中師生觀點的展露─以國小自然科為例, , ; 陳文典 , 2001, 國民中小學九年一貫課程自然與生活科技學習領域-教學與其教材, , ; 陳世聰 , 2000, 多元智慧、教學與評量的思維與作為, , ; 陳秀宜 , 1998, 國小啟智班學生自我概念成長之歷程分析－透過卷宗評量的方式, , ; 陳鴻明, 2001, 試行自然與生活科技教學模組下學生知覺的教室社會心理環境之研究, , ; 陳瓊森, 1997, 開啟多元智能新世紀, , ; 陳瓊森, 1999, 超越教化的心靈, , ; 梁雲霞, 2000, 多元智慧和學生成就－六所中小學的成功實例, , ; 楊博智  , 2003, 自然與生活科技課程實施合作學習芝行動研究, , ; 莊安琪, 1998, 7種IQ, , ; 莊明真 , 1995, 國小社會科教學評量的改進途徑─從「真實性評量」實施談起, , ; 張春興 , 1994, 教育心理學, , ; 張美玉 , 1995, 歷程檔案評量再建構教學之應用：一個科學的實徵研究, , ; 張美玉 , 1996, 歷程檔案評量再建構教學之應用：一個科學的實徵研究, , ; 張美玉 , 2001, 歷程檔案評量的理念與實施, , ; 張美玉 , 2001, 從多元智能的觀點談檔案歷程評量在教育上的應用, , ; 張稚美 , 2000, 落實多元智慧評量是對心智習性的一大挑戰, , ; 曾志朗 , 2000, 落實「天生我才必有用」的教育理念, , ; 黃秀文 , 1996, 從傳統到變通：教學評量的省思, , ; 黃政傑, 1996, 合作學習, , ; 黃鴻博 , 1988, 以STS教育理念改進國小自然科教學之研究, , ; 歐滄和 , 1996, 個人作品選集評量法, , ; 盧雪梅 , 1998, 實作評量的應許、難題和挑戰, , ; 載翠華 , 2000, 運用「檔案評量」在自然科實際教學之研究, , ; 郭俊賢, 2000, 落實多元智慧教學評量, , ",,11,,2003,0,140,,"28","臺中師範學院",
"廖聖傑","Shen-Jai Liao","從學習歷程檔案建構決策樹以支援網路教學","國立中山大學","學習歷程檔案; 網路教學; 決策樹分析; 資料探勘",,"網路學習的發展與成熟，透過學習者在教學網站參與各項教學活動過程中所記錄下來的學習歷程檔案，可以幫助教師有效的掌握學習者的學習狀況。為了將這些儲存每個學習者的學習動作之網頁日誌轉換成具教育意義的資訊，以幫助教師能夠即時觀察學生的學習狀況。並提供整合多個維度的觀察方式，讓教師可即時觀察學生所有的學習行為及學習狀況。本研究提供一個整合性的分析機制，可以利用現有的學習歷程檔案，整合多個觀察維度分析出學生的學習行為，並用決策樹分析預測出可能發生學習困難的學生，讓教學者可以即時的給予適當的教學輔助。
經由本研究的分析發現，(1)不同的課程與其產生的決策規則將會與該門課程的課程性質、教師的教學方式以及分數評量重點項目不同而有不同對應屬性，而繳交作業將是教師在評量學生的學習成效上一個很重要的依據，且這些與學生學習成效相關的屬性都一定與學生在網路上學習行為相關。(2)利用時間點的觀念將這些學習行為變項做累計的動作，確實能夠在一定的時間點之前就能夠提早預測到學生可能的學習成效；然而以不同時間單位做預測的效果差異性不大，但個別來看各個時間單位下都能在一定的時間點即達到預測的效果。(3)用不同成績等級分類方式針對整體學生來做分析預測時，各種的成績分類方式對於描述決策規則的效果都很高，但預測整體學生的學習行為與學習成效間的關係有其困難。(4)平均而言經由本研究所分析出的決策規則用來預測高分群學生的學習行為較為不易，但是能夠有效的預測出低分群的學習行為。表示經由本研究的方式，能夠在學期中藉由即時的觀察學生的學習狀況與學習行為，提早預測出可能落入低分群的學生，教師可以依據此資訊即早給予教學輔助以達到個別化教學的目標。
","Taiwan","王錦裕, 2001, 線上閱讀的學習時間型態與學習互動及學習成就相關性之研究, , ; 王文中, 1999, 教育測驗與評量－教室學習觀點, , ; 余民寧, 1997, 教育測驗與評量, , ; 吳明隆, 2000, 班級經營與教學新趨勢, , ; 吳信賢, 2000, 非同步網路教學系統之發展及學習歷程檔案, , ; 呂靜芳, 1999, 由網站行為歷程以貝式學習建立學習者模式之引導系統, , ; 李怡慧, 2000, 網路教學環境上群組合作學習分組方式之探討, , ; 李建億, 2000, 在全球資訊網學習環境中學習歷程樣式發掘法之研究, , ; 邱美珍, 1996, 決策樹學習法中連續屬性之分類研究, , ; 岳修平, 2000, 電子化學習歷程檔案實施之態度研究, , ; 林奇賢, 1997, 全球資訊網輔助學習系統：網際網路與國小教育, , ; 林清賀, 1998, 網路學習系統上之學習歷程評量輔助系統, , ; 倪家祥, 2000, 以網站行為的歷程建立具時間性學習者模式, , ; 莊雅茹, 2000, 傳統教室與虛擬教室學習成效之研究, , ; 黃武元, 2002, 非同步學習活動與教材特性對於學習時間之影響, , ; 黃常明, 1998, 遠距教學學習成就及相關因素研究, , ; 郭俐蘭, 2000, 支援使用者觀點之線上分析系統, , ; 陳年興, 2000, 網路教學與傳統教學之比較分析, , ; 陳年興, 2000, 建構式網路教學系統設計準則與評量結果, , ; 陳年興, 2001, 網路學習之學習行為與學習成效分析, , ; 陳國棟, 2003, Discover SCORM portfolio online analysis and decision-make supporting, , ; 許榮隆, 2000, 遠距教學的學習歷程與時間之研究, , ; 楊奕農, 2003, 非同步網路學習成效及影響因素之計量分析：經濟學課程個案研究, , ; 蔡孟勳, 2000, 非同步教學個人化評量機制, , ; 楊岱霖, 2000, 動態適性化學習系統之研究, , ; 郭俐蘭, 2000, 支援使用者觀點之線上分析系統, , ; 張基成, 1996, 網路化學習歷程檔案系統, , ; 張基成, 2000, 網路化學習歷程檔案系統之建構與評鑑─一個電子化的真實性學習評量工具, , ; 鍾斌賢, 2000, 虛擬學校學習環境設計與建置, , ; 劉惠如, 1999, 整合式網路教學之教學設計與評量, , ; 劉晨鍾, 2000, 網路學習歷程之知識探索：學習效能評鑑之工具, , ; 劉晨鍾, 2003, SCORM之學習歷程跨平台應用, , ; 蔡旻芳, 2001, 網路學習之學習歷程分析系統, , ; 蕭嘉琳, 2001, 互動式概念關係建立輔助系統在學習診斷之應用, , ",,26,,2003,0,73,,"29","國立中山大學",
"王瓊惠","Chiung-Hui Wang","學習歷程檔案在自然與生活科技課程教學應用之探討","國立彰化師範大學","學習歷程檔案評量; 後設認知",,"本研究的主要目的主要在：探討學習歷程檔案評量在自然教室中教與學上實施成效與評估，研究對象為研究者任教的台中縣一年級某班35名學生，研究者進行一學年的行動研究，透過後設認知問卷、學習歷程檔案觀感問卷、訪談及學生的學習歷程檔案及學習成長單等方式進行資料的收集，資料分析量的資料進行t-test，質的資料採持續比較法和三角校正法。研究結果發現：實施學習歷程檔案評量融入自然科教學，可以幫助教師了解學生的學習，養成學生學習及反省思考的能力，以達成適性化、個別化教學的目標；而學生的學習歷程檔案內容也呈現出學生學習的多元面向，對學生後設認知的影響在學習動機及計畫策略、自我調整及自我評鑑等向度，皆有顯著差異。除此之外，透過學習歷程檔案，教師可以做進一步的教學反省及改進。而在應用學習歷程檔案評量於教學的過程所發現的困難有：教師設計學習單的壓力、學生表達能力欠佳、教室管理問題、教材的選擇、及評分的公平性問題等等。
基於以上發現，研究者建議教師提高學習歷程檔案評量評分規準的效度及在教學設計上增加學生後設認知的多元表現機會，並以正向的眼光看待學生的學習。

關鍵字：學習歷程檔案評量、後設認知
","Taiwan","王文中, 1991, 教育研究法, , ; 王靜璇, 2000, 專題導向科學學習之教學研究：以國中學生學習「彩虹」為例, , ; 田麗娟, 2000, 國小自然科評量方式之行動研究─以學習歷程檔案評量為例, , ; 何縕琪, 1997, 卷宗評量在教學上之應用, , ; 何東墀, 1996, 後設認知策略教育對國小閱讀障礙學童閱讀理解成效之研究, , ; 吳毓瑩, 1998, 卷宗評量之概念、理論與應用, , ; 林清山, 1990, 教育心理學導論教育心理學：認知取向, , ; 林蕙蓉, 1995, 國小學童後設認知策略教學對國語科閱讀理解效能之研究, , ; 林余思, 2002, 國中學生在資訊科學融入生物科學習中後設認知的表現, , ; 林佳芬, 2000, 國小自然科試用卷宗評量之行動研究, , ; 邱上貞, 1989, 後設認知研究在輕度視障者教學上的應用, , ; 邱美虹, 2000, 美國新標準：科學實作評量之內涵與範例介紹, , ; 施志宜, 1998, 高低後設認知能力國中學生閱讀地球科學說明文之差異, , ; 柯政毅, 2001, 數學歷程檔案評量實施下學期數學溝通的能力—以六個個案探討, , ; 胡永崇, 1994, 後設認知策略對國小閱讀障礙學童閱讀理解成效之研究, , ; 胡永崇, 1999, 國語文低成就學生後設認知能力之研究, , ; 范淑惠, 2001, 國中理化課室試行歷程檔案之行動研究, , ; 陳文典, 2000, 實作評量的理念與實施, , ; 陳李綢, 1990, 近代後設認知理論的發展與研究, , ; 陳李綢, 1992, 後設認知發展認知發展與輔導, , ; 陳密桃, 1990, 國民中小學生的後設認知及其閱讀理解之相關研究, , ; 張美玉, 2000, 歷程檔案評量的理念與實施, , ; 張美玉, 2001, 從多元智能的觀點談歷程檔案評量在教育上的應用, , ; 張景媛, 1997, 青少年的價值觀、後設認知學習動機對情緒適應影響之研究, , ; 張新仁, 1992, 國中地理學習之後設認知研究, , ; 郭俊賢, 2000, 落實多元智慧教學評量, , ; 郭靜姿, 1994, 不同閱讀能力學生成敗歸因方式、策略運用與後設認知能力之差異比較, , ; 教育部, 2001, 國民教育九年一貫課程綱要：「自然與生活科技」學習領域, , ; 許慧玉, 2001, 卷宗評量與紙筆測驗對國小四年級學生數學概念、數學溝通能力及數學學習態度之實驗研究, , ; 楊銀興, 2000, 傳統評量與新式評量之比較及國小教師對實施新式評量相關問題覺知情形之研究, , ; 賴羿蓉, 2000, 簡介真實評量, , ; 謝瑩圓, 2002, 歷程檔案在小班教學的應用-以數學教室為例, , ; 歐滄和, 1996, 個人作品選集評量法, , ; 簡茂發, 2000, 展多元評量之理念與實務, , ; 簡茂發, 2002, 多元化評量之理論與方法, , ; 魏麗敏, 1995, 後設認知學習理論與策略, , ",,2,,2007,0,133,,"3","國立彰化師範大學",
"曾江合","Chiang-Ho Tseng","網路化個人及團體學習歷程檔案系統之建置與評估","國立交通大學","學習歷程檔案; 同儕互評; 合作學習",,"本系統以學習歷程檔案、同儕互評和合作學習的教育理論，作為系統發展和設計的基本理念，然後使用系統評估問卷來評估使用者對本系統的電腦態度。本系統可幫助學生收集個人學習歷程檔案，同儕互評的互動與合作學習的過程記錄。預期本系統將這些學習策略實際應用在目前的教育上，，讓學生在學習上有更深刻的幫助。因為使用本系統的老師或助教，並非人人都具有專業資訊能力的背景，而且系統設計考量到將來推廣的容易性，在設計上，多以教師或助教能夠獨立管理整個課程進行為原則。將教師或助教需要的功能，用簡單的圖形介面將複雜的運作機制包起來，使教師或助教在進行系統管理上容易操作。未來希望本系統能提高教學上的品質。
","Taiwan","王岱伊, 2002, 小組合作學習策略之研究, , ; 江蕙茹, 2002, 網路化同儕回饋與學生學習成就之初探性研究, , ; 任萬萍 , 2000, 網路合作設計學習策略之研究, , ; 卓宜青, 2001, 網路化學習歷程檔案系統及同儕評量, , ; 卓宜青, 2000, 網路化學習歷程系統之初探性研究, , ; 高宜敏, 2001, 合作競爭式的網路分享建構學習環境, , ; 陳得利, 2002, 網路化歷程檔案系統之設計與實作, , ; 曾江合, 2002, 網路化個人及團體學習歷程檔案系統之建構經驗, , ; 張春興, 1992, 現代心理學：現代人研究自身問題的科學, , ; 張基成, 2000, 網路化學習歷程檔案系統之建置與評量, , ; 楊國鑫, 2001, 推廣網路同儕互評系統於高級工業職業學校教學課程之研究, , ; 劉旨峰 , 2002, 網路同儕評量經驗談, , ; 劉旨峰 , 1999, 網路同儕互評系統的學生群組分析, , ; 劉旨峰, 2002, 網路化學習歷程檔案評量之學習成效分析及未來展望, , ; 劉旨峰, 2001, 基於網路同儕互評之學習歷程之信效度研究, , ; 劉旨峰, 2000, 臺灣高職生電腦態度的研究：以電腦與網路化學習為出發點, , ; 鄭夙珍 , 2001, 網路合作學習在師資培育課程的應用實例, , ",,12,,2003,0,57,,"30","國立交通大學",
"蕭玉佳","Hsiao-Yu-Chia","成長路上話成長─幼稚園多元智慧學習歷程檔案之行動省思","國立台北師範學院","行動研究; 學習歷程檔案; 幼兒教育; 幼稚園; 多元智慧",,"本研究採取「行動研究」的策略，探討研究者從身為一位幼教老師的立場，如何自教學實務上體認「學習歷程檔案」的意義，並實際應用檔案於教學評量的歷程。研究者以「成長」作為貫串全文的核心，採取敘說式的詮釋取向，來呈現這一段包括檔案內容、幼兒學習、教師專業與研究知能等相互牽引成長的故事。
           研究者歷經了二學年(88年9月~90年6月)的檔案實施經驗，其中第二學年是本研究的正式進行階段(89年9月~90年6月)。研究者持續在教學現場中觀察、訪談、紀錄、檢討與修正，發現學習歷程檔案在幼教場域中有以下值得探討的重點：
           一、檔案存在的價值--檔案本身的「紀念」價值遠勝於「作為一種評量方式」的價值，故在幼教場域中不宜過度倚重檔案進行評量，而是順應情境需要採取適當的評量方式。
           二、實施時的體認─研究者從實施過程中了悟師生觀點衝突的緩和之道、檔案真切反映出老師的教學風格與人格特質、「多元智慧理論」在研究中的隱與現、以及「做人先於做事」的思維。
           三、實施上的限制-在實施歷程中，幼兒學習成果的收集方式過於片段零碎，以致無法有效成為改進課程與教學的依據，也無法窺見完整清晰的幼兒成長軌跡。
           四、擁有了「愛自己」與「再出發」的力量。
           經過這一次的研究歷程，研究者不僅在檔案評量上得到了以上的啟示，也在行動研究法上發現「行動」與「研究」之間出現了一種”聚散離合”的微妙關係，而從中歸納出行動研究值得喝采的積極面。
","Taiwan","丁雪茵, 1996, 質性研究中研究者的角色與主觀性, , ; 王秀槐, 1983, 行動研究法簡介, , ; 王為國, 2000, 國民小學應用多元智慧理論的歷程分析與評估之研究, , ; 王雅玲, 1999, 圓一個另類教學的夢：我陪一個學習困難學生成長的故事, , ; 王慶中, 1999, 教育改革與反作用力應用, , ; 田耐青, 1999, 多元智慧理論：學習是可以快樂、成功的, , ; 田耐青, 1999, 由多元智慧理論的觀點談教學評量：一些台灣的實例, , ; 田耐青, 2000, 學齡前幼兒多元智慧之檢核, , ; 江文雄, 1998, 鼓勵教師從事行動研究, , ; 江文慈, 1998, 整合與超越：多元智力取向的評量, , ; 成虹飛, 1999, 報告書寫的困境與可能性---寫給愛好質化研究的朋友, , ; 成虹飛, 2000, 行動研究的書寫與閱讀---困境與可能性, , ; 呂俊甫, 1993, 源自美國的「行動研究法」, , ; 吳晟, 2000, 吳晟詩選, , ; 吳毓瑩, 1995, 開放教室中開放的評量：從學習單與檢核表的省思談卷宗評量, , ; 吳毓瑩, 1996, 評量的蛻變與突破─從哲學思潮與效度理論思考起, , ; 吳毓瑩, 1998, 我看、我畫、我說、我演、我想、我是誰呀？卷宗評量概念、理論、與應用, , ; 吳毓瑩, 1999, 卷宗評量, , ; 吳毓瑩, 1999, 研究中的研究─詮釋一個數學師資培育者的研究者角色, , ; 吳麗君, 1999, 夢裡的故事說不完---英倫評量的邂逅, , ; 吳麗君, 2001, 英國小學階段國家考試的南北對話：英格蘭與蘇格蘭, , ; 李坤崇, 1999, 多元化教學評量, , ; 李祖壽, 1974, 怎樣實施行動研究法, , ; 林生傳, 2000, 新世紀教師行動研究的定位與實踐機略, , ; 林惠娟, 1999, 有意義的評量活動---談幼兒真實評量, , ; 林筱瑩, 1999, 教學真有趣─談多元智慧的教學與評量, , ; 幸曼玲, 1995, 表現評量, , ; 幸曼玲, 1996, 當前兒童發展理論與研究對教育的啟示, , ; 周珮儀, 1999, 從社會批判到後現代：季胡課程理論之研究, , ; 胡幼慧, 1995, 一些質性方法上的思考, , ; 姜鵬珠, 1982, 一路看山到峨嵋, , ; 施婉菁, 1999, 卷宗評量中師生觀點的展露─以國小自然科為例, , ; 桂怡芬, 1996, 紙筆與實作的互補：我的實作評量經驗, , ; 高敬文, 1999, 質化研究方法論, , ; 陸谷孫, 1992, 英漢大辭典, , ; 莊明貞, 1995, 一個新的評量取向---變通性評量在國小開放教室的實施, , ; 莊明貞, 1995, 在國小課程的改進與發展—真實性評量, , ; 教育部國教司, 1987, 幼稚園課程標準, , ; 教育部, 1999, 國民中小學學生成績考查辦法, , ; 畢恆達, 1996, 詮釋學與質性研究, , ; 馬健岩, 1994, 給研究所新生的一封信, , ; 陳文玲, 2000, 多桑與紅玫瑰, , ; 陳光憲, 2000, 論報導文學的樣式, , ; 陳伯璋, 1988, 意識型態與教育, , ; 陳伯璋, 1989, 行動研究在教育上之應用, , ; 陳美如, 1995, 躍登教師研究的舞台─課程行動研究初探, , ; 陳姿蘭, 2001, 一位幼稚園老師實施卷宗評量之研究, , ; 陳惠邦, 1996, 教育行動研究作為教師進修模式的探討, , ; 陳惠邦, 1998, 教育行動研究, , ; 陳聖謨, 1999, 教師即研究者─談教師的行動研究, , ; 陳麗華, 1996, 反省性教學的概念與實施方法---以國小社會科為例, , ; 張玉成, 1991, 當前國小教學缺失之我見, , ; 張芬芬, 2001, 研究者必須中立客觀嗎？行動研究的知識論與幾個關鍵問題, , ; 張春興, 1994, 現代心理學, , ; 張清濱, 1996, 多元化的教學評量, , ; 張稚美, 2000, 落實多元智慧評量是對心智習性的一大挑戰, , ; 張稚美, 2000, 為多元智慧在學校改革中定位, , ; 張麗麗, 2000, 「什麼樣的檔案才值得…？」─談自主學習檔案的基本要素, , ; 黃志順, 2000, 應用「歷程檔案評量」作為教學設計的一種途徑, , ; 黃昆輝, 1973, 行動研究法述要, , ; 黃美瑛, 1995, 意象：幼兒教師實際知識的運作之研究, , ; 葉連祺, 2000, 中小學教師行動研究策略之探討, , ; 黃瑞琴, 1994, 幼稚園的遊戲課程, , ; 黃瑞琴, 1999, 質的教育研究方法, , ; 黃瑞祺, 2000, 現代與後現代, , ; 楊洲松, 1999, 國民中小學九年一貫課程綱要之哲學分析---後現代的觀點, , ; 楊紹旦, 1981, 行動研究法及其實例, , ; 甄曉蘭, 1996, 從典範轉移的再思論質的研究崛起的意義, , ; 蔡文杰 , 2000, 成長的寶貝盒─檔案評量, , ; 熊同鑫, 1999, 行動、反思與成長：一位自然科教師的自我教學研究, , ; 蔡明富, 1998, 多元智慧理論及其在教育上的應用, , ; 蔡清田, 1999, 透過行動研究協助教師因應國民教育九年一貫課程改革, , ; 蔡敏玲, 1994, 教育民族誌中研究者的角色, , ; 蔡敏玲, 2001, 導演偽裝的雙重弔詭：「一群實習幼兒』的短期就學經驗」引發的疑惑, , ; 蔡敏玲, 2001, 教育質性研究報告的書寫：我在紀實與虛構之間的認真與想像, , ; 廖鳳瑞, 1996, 觀察與教學的綜合：以幼稚園中的評量為例, , ; 歐用生, 1994, 提升教師行動研究的能力, , ; 歐用生, 1998, 新世紀的課程改革：兩岸觀點, , ; 歐用生, 1999, 從「課程統整」的概念評析九年一貫課程, , ; 劉淑雯, 1995, 溶解刻板印象：兩性角色課程對國小學生性別刻板印象的影響, , ; 潘台成, 1998, 綠化心靈, , ; 鄭同僚, 2001, 質性研究方法在台灣─以教育類科博碩士論文為例, , ; 鄭麗玉, 1999, 教學評量的改革, , ; 樸月, 1992, 漫漫古典情, , ; 盧美貴, 1999, 幼稚園的真實性評量--常被忽略的家長參與, , ; 謝寶梅, 2000, 運用行動研究於課程與教學革新, , ",,28,,2002,0,170,,"31","國立台北師範學院",
"鄭雅文","Ya-Wen Cheng","網路化反省思考學習歷程檔案的設計與應用","國立臺灣師範大學","學習歷程檔案; 反省思考",,"學習歷程檔案是近來深受矚目且積極發展的評量方式之一，然現今在教室中實施的學習歷程檔案仍有以下若干困難：1. 資料儲存、管理的困難。2. 評量計分標準制定的困難。3. 目前的學習歷程檔案仍欠缺自我反省思考。
           為解決以上困難，本研究建構一個以反省思考為焦點的網路化學習歷程檔案(web-based reflective portfolio)系統，並探討學生在學習歷程檔案中，觀摩、評比及學習筆記等學習活動的自我反思表現，以及這些反思活動對學習效果的影響。研究中以台灣師範大學，選修資訊教育80位大學生作為研究對象，結合量與質的分析方法。量的資料方面，分析受試者作品在成績的成效表現，及受試者在問卷中對反省思考問題的表現；質的資料方面，以Kember, et al.(1999)對反省思考定義的七個階層對學習日誌做分類並進一步分析參與者的反思活動歷程。
           研究結果如下：一、在網路化的學習歷程檔案系統中加入適當的機制和活動，如學習日誌或自我/同儕評量活動，可以建立以反省思考為焦點的學習歷程檔案。二、學生在學習歷程檔案的環境，可以表現出中等程度的反省思考，但並未表現出最高層次的反省思考。三、有採用學習日誌或自我/同儕評量活動的實驗組，其反省思考程度比未採用學習日誌或自我/同儕評量活動的控制組來得
           高，學習總成績也表現較佳。
","Taiwan","林碧珍, 2001, 協助教師實踐學生數學學習歷程檔案之行動研究, , ; 岳修平, 2000, 電子化學習歷程檔案實施之態度研究, , ; 張美玉, 2000, 歷程檔案評量的理念與實施, , ; 張美玉, 2001, 從多元智能的觀點談歷程檔案評量在教育上的應用, , ; 張振成, 1997, 教學評量的新趨勢：實作評量與檔案評量, , ; 蔡仁勝, 1999, 卷宗評量的前景, , ; 曾吉雄, 1999, 新式評量─檔案評量, , ; 張麗麗, 2000, 「什麼樣的檔案才值得…？」─談自主學習檔案的基本要素, , ; 張基成, 2000, 網路化學習歷程檔案系統之建構與評鑑─一個電子化的真實性學習評量工具, , ; 鄒慧英, 2000, 國小寫作檔案評量應用之探討, , ",,19,,2002,0,92,,"32","國立臺灣師範大學",
"蘇楷雯","Su, Kai-Wen","台北市國民小學實施學習歷程檔案評量之現況及教師態度調查研究","臺中師範學院","學習歷程檔案評量; 調查研究",,"本研究旨在瞭解台北市國民小學實施學習歷程檔案評量之現況及國小教師對這種評量方式的態度為何。本研究採用問卷調查的方式，針對台北市37所公立國民小學之教師發放問卷，共計發出853份，回收728份，回收率達85.35%。研究結果如下：
           一、有實施過學習歷程檔案評量之教師約有三成近四成左右。
           二、教師最常實施學習歷程檔案評量之科目，前三者為：國語、社會及數學。
           三、教師評分方面，完全由教師評分者佔二成多，教師參考家長評分、學生自評、學生互評者佔近三成。
           四、教師整體態度方面，有八成六的教師持中間偏正向的態度。看法方面，有近九成的教師持中間偏正向的看法。可行性方面，有近六成二的教師持中間偏負向的態度。
           五、不同性別、學歷、教學年資、班級人數之教師，及是否參加過有關評量的研習的教師，其對學習歷程檔案評量之態度及看法沒有差異。
           六、擔任不同職務之教師，對學習歷程檔案評量之態度、看法及可行性有差異。主任較級任老師、科任老師為正向；組長較級任老師、科任老師為正向。
           七、對學習歷程檔案評量有不同瞭解程度之教師，對學習歷程檔案評量之態度及看法有差異。有一些瞭解程度之教師比不是很清楚之教師持較正向的態度。完全瞭解即有一些瞭解之教師較不是很清楚之教師對學習歷程檔案評量之可行性持正向的態度。
           八、有實施過學習歷程檔案評量之教師較沒有實施過學習歷程檔案評量之教師持正向的態度、看法及可行性。
           九、不同班級人數之教師，對學習歷程檔案評量之可行性有差異。
           十、大多數教師認為實施學習歷程檔案評量最大的困難是家長的配合度及認同度的問題。此外，班級人數過多、評分標準不一也是教師困擾的來源。
           十一、大多數教師認為最需要的協助便是參加相關的研習、多向一些有經驗的教師學習以充實知能，此外，希望行政單位能多予以配合，減少教師不必要的活動。","Taiwan","丁振豐, 1998, Howard Gardner多元智力取向的評量, , ; 王明源, 1998, 台灣中部地區國民小學實施教學評量之調查研究, , ; 王惠娟, 1996, 教學評量的理論與省思, , ; 王詩敏, 1998, 多元評量在國一認識台灣(社會篇)的實施歷程, , ; 丘淵等, 1991, 教學評量, , ; 田麗娟, 2000, 國小自然科評量方式之行動研究─以學習歷程檔案評量為例, , ; 江雪齡, 1998, 學習歷程檔案評量法, , ; 行政院教育改革審議委員會, 1996, 教育改革總諮議報告書, , ; 何英奇, 1992, 教學評量的基本原則教學評量研究, , ; 余安邦, 1996, 當前國民小學社會科課程、教學及評量的分析與批判, , ; 吳毓瑩, 1993, 教學評量的學與用, , ; 吳毓瑩, 1995, 蛻變與突破：紙筆及另類評量的理念與實務, , ; 吳毓瑩, 1998, 我看、我畫、我說、我演、我想、我是誰呀？卷宗評量概念、理論、與應用, , ; 李坤崇, 1999, 多元化教學評量, , ; 李俊榮, 2000, 學習歷程檔案輔助鄉土植物教學之行動研究, , ; 李毓娟, 1995, 學習評量的新趨勢─專訪國立台灣師範大學教務長簡茂發教授, , ; 辛慶偉, 1997, 國小自然科卷宗評量建構效度之研究, , ; 林順發, 1995, 從個別差異的觀點談教學評量相關的基本理念, , ; 施婉菁, 1999, 卷宗評量中師生觀點的展露─以國小自然科為例, , ; 范熾文, 2000, 新式教學評量：實作評量與卷宗評量概述, , ; 秦蜀蕙, 1999, 蝸牛計劃, , ; 張文華, 1995, 科教革新中評量理念的重建, , ; 張春興, 1989, 張氏心理學辭典, , ; 張敏雪, 1997, 實作評量的本質及國民中小學數理科教師對實作評量的態度探討, , ; 張清濱, 1996, 多元化的教學評量, , ; 莊明貞, 1995, 在國小課程的改進與發展—真實性評量, , ; 莊明貞, 1995, 從變通式測驗的發展談國小教育評量的可行途徑, , ; 莊明貞, 1995, 變通性評量, , ; 莊明貞, 1996, 國小社會科教學評量的改進途徑─從「真實性評量」實施談起, , ; 許慧玉, 2001, 卷宗評量與紙筆測驗對國小四年級學生數學概念、數學溝通能力及數學學習態度之實驗研究, , ; 郭俊賢, 2000, 落實多元智慧教學評量, , ; 陳正昌, 1993, 正確的教學評量觀念, , ; 陳秀宜, 1998, 國小啟智班學生自我概念成長之歷程分析－透過卷宗評量的方式, , ; 陳怡如, 1999, 實作評量在國小數學科之應用研究, , ; 陳姿蘭, 2000, 一位幼稚園老師實施卷宗評量之研究, , ; 陳倬民, 1989, 教學評量觀念的沉思, , ; 彭森明, 1996, 實作評量( Performance assessment)理論與實務, , ; 曾吉雄, 1999, 新式評量─檔案評量, , ; 曾嘉琪, 1996, 台北市國民小學試辦「教學及評量改進班」之評鑑研究, , ; 湯清二, 1997, 另一種評量工具的選擇─學習檔案, , ; 黃秀文, 1996, 從傳統到變通：教學評量的省思, , ; 楊銀興, 1999, 傳統評量與新式評量之比較及國小教師對實施新式評量相關問題覺知情形之研究, , ; 詹志禹, 1993, 教學評量的趨勢, , ; 詹寶菁, 1998, 國小教師在社會科實施案卷評量之詮釋性研究：評量革新與教師改變, , ; 鄒慧英, 2000, 國小寫作檔案評量應用之探討, , ; 熊召弟, 2000, 卷宗評量的設計及應用─以自然科為例, , ; 劉淑雯, 1996, 平面與立體的歷程：兩性平等教育之卷宗評量, , ; 歐滄和, 1996, 反量化的新興評量法─個人作品選集評量法, , ; 歐滄和, 1996, 個人作品選集評量法, , ; 歐滄和, 1998, 談學習歷程檔案法的點點滴滴, , ; 蔡文杰, 1995, 論目標導向的教學評量, , ; 蔡駿暉, 1995, 追求彈性及人性化的學習評量, , ; 鄭友超, 1995, 教學評量之原理與方法, , ; 鄭英耀, 2000, 檔案教學, , ; 戴君佩, 2000, 國民小學自然科卷宗評量對三年級學生學習動機之影響, , ; 薛梨真, 1996, 談教學評量之改進, , ; 謝永芳, 2000, 檔案式評量在國小六年級英語教室之實施, , ; 簡茂發, 1995, 心理與教育測驗發展的回顧與展望, , ; 羅美惠, 1998, 教室教學表現評量配合歷程檔案評量在實習教師專業成長之應用, , ; 蘇惠華, 1999, 國小一年級社會科另類評量在家考試之應用初探, , ",,11,,2002,0,143,,"33","臺中師範學院",
"李俊榮","Chun-Rong Lee","學習歷程檔案輔助鄉土植物教學之行動研究","國立台北師範學院","學習歷程檔案; 鄉土植物教學; 行動研究",,"摘   要
           國民中小學九年一貫課程即將於九十學年度開始實施，目前所有教師最迫切需要的，是了解九年一貫課程改革的基本理念與統整能力的培養，本研究乃針對這些需要，配合六項重要議題中的環境與資訊議題，以深層生態學和生態心理學作為本研究的理論基礎，採用學習歷程檔案為學生的形成性評量方式，進行鄉土植物統整教學的行動研究。
           本研究的主要目的在探討下列幾項課題：
           1.如何透過蒐集台灣鄉土植物的民俗用途、神話故事、鄉土諺語、鄉土童玩以及食用、藥用和其他功能資料，並配合自然科植物課程，觀察鄉土植物的外部形態，製作學生個人的學習歷程檔案，以提高學生學習鄉土植物的興趣；並利用學習歷程檔案評量的實施，探究其對學習成就之影響。
           2.如何透過深層生態學和生態心理學的理論基礎，進行鄉土植物的情意教學，以培養學生愛護自然的鄉土情懷？
           3.最後本研究也提供教師研究者，針對本身的教學策略進行自我反思與教師專業的成長改進。並可作為其他實務教師編製課程活動和選擇教學策略時之參考。
               本研究自民國八十九年九月一日起至九十年四月底止歷時九個月期間，研究者在台北縣大德國民小學三年級Ａ、B兩班教室和自然科任教室進行參與式觀察，並透過錄音、錄影、現場觀察筆記、教師省思札記等研究工具，在兩個班級中立意抽樣16名學生為研究對象，進行半結構式晤談、焦點團體晤談，以及與電腦教師晤談、導師晤談和家長意見調查等研究方式，蒐集研究過程與結果資訊，進行資料分析與三角校正（研究者觀點、學生觀點、其他教師觀點、家長觀點），以檢核研究結果以及提高研究結果的信效度。
           關  鍵  詞：學習歷程檔案，鄉土植物教學，行動研究
","Taiwan","王淑枝, 1998, 以生物區域主義為哲學基礎發展鄉土教學活動課程之行動研究, , ; 方德隆, 1998, 課程分化與統整--九年一貫課程之理論與實際, , ; 台北縣政府, 1999, 台北縣國民小學鄉土教學活動四年級學生手冊, , ; 江文慈, 1996, 整合與超越--多元智力取向的評量, , ; 江雪齡, 1995, 教學成效的依據─教學檔案的建立, , ; 江雪齡, 1998, 檔案評量法, , ; 江麗美, 2000, 瑪雅, , ; 朱侃如, 1985, 神話, , ; 吳清山, 1997, 卷宗評量, , ; 吳毓瑩, 1997, 我看、我畫、我說、我演、我想、我是誰呀？卷宗評量概念、理論、與應用, , ; 林果, 2000, 實用鄉土植物, , ; 林芳白, 1998, 歷程檔案輔助遠距實習輔導系統之建構, , ; 馬家祉, 1995, 鄉土教學活動意見調查表教育問題調查系列, , ; 孫龍翔, 1998, 以虛擬實境展現實作評量之研究─建構主義理想之實現, , ; 許天維, 1997, 教學評量, , ; 許君玫, 1954, 臺灣先住民經濟傳說集臺灣銀行季刊, , ; 教育部 , 1998, 國民教育階段九年一貫課程總綱綱要, , ; 教育部, 2000, 國民中小學九年一貫課程暫行綱要, , ; 康軒文教公司, 2000, 國民小學自然科第五冊, , ; 張美玉, 1996, 歷程檔案評量再建構教學之應用：一個科學的實徵研究, , ; 張春興, 1994, 教育心理學, , ; 張振成, 1997, 教學評量的新趨勢：實作評量與檔案評量, , ; 張清濱, 1996, 多元化的教學評量, , ; 莊明貞, 1996, 國小社會科教學評量的改進途徑─從「真實性評量」實施談起, , ; 莊明貞, 1998, 真實性評量在教育改革中的相關論題─一個多元文化教育觀點的思考, , ; 陳聖謨, 1998, 「檔案」在師資培育上的應用, , ; 陳震東, 1978, 鄉土教材與地理教學, , ; 陳鸞鳳, 1997, 鄉土地理教學活動實施的問題探討, , ; 單文經, 1997, 美國中小學實施鄉土教育的作法, , ; 黃光雄, 1996, 課程與教學, , ; 黃政傑, 1997, 課程改革的理念與實踐, , ; 黃美智, 1996, 鄉土教學活動的實施鄉土教育, , ; 游家政, 1999, 再造國民教育九年一貫課程的圖像--課程綱要的規劃構想與可能問題, , ; 游家政, 1998, 跨世紀的課程革新--以台灣國民教育階段課程綱要的研訂為例, , ; 曾祥蘭, 1992, 國民小學推行李南國教學法的回顧與前瞻--介紹屏東縣東港國小低年級聯科教學, , ; 湯清二, 1997, 另一種評量工具的選擇─學習檔案, , ; 鄧天德, 1982, 陽明山國家公園環境教育親子手冊, , ; 鄧天德, 1993, 怎樣培養學生喜歡鄉土教學鄉土教材教法, , ; 歐滄和, 1996, 談學習歷程檔案法的點點滴滴, , ; 鄭麗玉, 1998, 教學評量的改革, , ; 蕭志強, 1995, 創造活動與兒童, , ",,23,,2001,0,182,,"34","國立台北師範學院",
"田麗娟","Li-Chuan Tien","國小自然科評量方式之行動研究--以學習歷程檔案評量為例","國立台北師範學院","行動研究; 學習歷程檔案評量; 科學評量",,"本研究係研究者在國小某班四、五年級時，利用行動研究方式進行自然科評量方式之改進，改進方法是以學習歷程檔案作為評量方式，期望藉由學習歷程檔案評量能使教師、家長及學生自己在自然科的學習狀況有更多的瞭解。研究者收集學生的學習歷程檔案及學生對實施學習歷程檔案評量的看法，並收集家長對於學生實施學習歷程檔案評量的瞭解及看法，再加上研究者本身的自我反省，綜合三方面的資料進行分析，以幫助研究者修正行動研究策略。研究結果發現，學習歷程檔案評量的確有助於教師及家長進一步瞭解學生的學習狀況，教師更發現學生的學習歷程檔案所呈現的內容是豐富而多元的。對學生而言，亦可使學生瞭解自己的學習興趣、困難及成長歷程。而學習歷程檔案評量實施於自然科教學上的助力有五：提供親、師、生另一溝通橋樑、有助於瞭解學生特質、修正學生上課態度、學生的正面回饋、家長的正面肯定。而實施上的阻力則是有五：無法瞭解語文表達能力較弱的學生之學習狀況、檔案的整理方式仍無法呈現學生完整的學習、教師與每位學生互動的時間有限、教師本身的實施意願、家長的看法影響教師執行學習歷程檔案評量的動力。本研究提出的結論與建議，可成為教師及科教學者對學習評量方式的參考。
","Taiwan","王文中, 1999, 教育測驗與評量－教室學習觀點, , ; 古明峰, 1998, 動態評量在加、減法文字題學習與遷移歷程之應用研究, , ; 江文慈, 1997, 整合與超越：多元智力取向的評量, , ; 何縕琪, 1997, 卷宗評量在教學上之應用, , ; 吳咸蘭, 1999, 檔案評量, , ; 吳清山, 1997, 卷宗評量, , ; 吳清山, 1997, 實作評量, , ; 吳毓瑩, 1993, 教學評量的學與用, , ; 李坤崇, 1999, 多元化教學評量, , ; 辛慶偉, 1998, 國小自然科卷宗評量建構效度之研究, , ; 邱上真, 1999, 認知取向的教育診斷：多元評量觀, , ; 林佳芬, 2000, 國小自然科試用卷宗評量之行動研究, , ; 施婉菁, 1999, 卷宗評量中師生觀點的展露─以國小自然科為例, , ; 徐淑榕, 1999, 班級親師協會參與學校教育之個案研究─以國小三年級班級親師協會為例, , ; 翁秀玉, 1997, 國小自然科教師傳達科學本質之行動研究, , ; 張美玉, 1996, 歷程檔案評量再建構教學之應用：一個科學的實徵研究, , ; 張清濱, 1996, 多元化的教學評量, , ; 張鈿富, 2000, 行動研究的概念與執行, , ; 張麗麗, 1998, 檔案評量簡介, , ; 教育部, 2000, 自然與生活科技課程綱要, , ; 莊明貞, 1996, 國小社會科教學評量的改進途徑─從「真實性評量」實施談起, , ; 莊麗娟, 1996, 國小六年級浮力概念動態評量的效益分析, , ; 許玟斌, 1998, 國小自然科評量─在家考試, , ; 陳瓊森, 1995, 超越教化的心靈, , ; 黃秀文, 1996, 從傳統到變通：教學評量的省思, , ; 熊同鑫, 1998, 語言在自然科教室內的意涵：一間後山教室內教學活動的記事, , ; 甄曉蘭, 1995, 合作行動研究─進行教育研究的另一種方式, , ; 歐滄和, 1996, 個人作品選集評量法, , ; 鄭富森, 1996, 非紙筆測驗, , ; 盧雪梅, 1998, 實作評量的應許、難題和挑戰, , ; 鍾聖校, 1997, 溝通理性與感性教學模式與情意, , ; 戴翠華, 2000, 運用「檔案評量」在自然科實際教學之研究, , ; 蘇育任, 1998, 多元化評量─以自然科為例, , ",,60,,2001,0,157,,"35","國立台北師範學院",
"卓宜青","Yi-Ching Cho","網路化學習歷程檔案系統及同儕評量","國立交通大學","學習歷程檔案; 同儕評量; 高層次思考; 網路學習",,"學習歷程檔案(portfolio)是有目標性地將學生的學習經過、心得、摘要、表演、作品以及個人自我反省等證據收集起來，以某種方式呈現或進行質化評量。而本研究群以往的研究也已證實同儕互評具有一定的信度與效度，可以提昇學生的成績、高級思考能力、與學習動機，是成年學習者良好的學習及評量方式。因此我們推出一套系統結合上述兩種教學功能，使學生在社群互動中主動建構知識。本系統實際應用在大學部資訊科系課程，作為學生上網繳交作業的工具，藉著本系統的幫助進行同儕互評。而這段學習歷程記錄以時間為順序完整的呈現，並加上自我評量和同儕評量的紀錄，作為過渡到下一學習階段的前行學習歷程檔案（pass along portfolio）或作為求職的資料附件。
","Taiwan","王尉任, 1998, WWW網路合作學習環境之教材出版管理系統, , ; 辛慶偉, 1998, 國小自然科卷宗評量建構效度之探究, , ; 卓宜青, 2000, 網路化學習歷程系統之初探性研究, , ; 邱繼宏, 1998, 架構在 Web 上的作業相互評量系統, , ; 施婉菁, 1999, 卷宗評量中師生觀點的展露─以國小自然科為例, , ; 陳秀宜, 1997, 國小啟智班學生自我概念成長之歷程分析－透過卷宗評量的方式, , ; 張美玉, 1996, 歷程檔案評量再建構教學之應用：一個科學的實徵研究, , ; 張基成, 2000, 網路化學習歷程檔案系統之建置與評量, , ; 劉旨峰 , 1999, 網路同儕互評系統的學生群組分析, , ; 劉淑雯, 1996, 平面與立體的歷程：兩性平等教育之卷宗評量, , ; 羅美惠, 1998, 教室教學表現評量配合歷程檔案評量在實習教師專業成長之應用, , ; 吳毓瑩, 1996, 評量的蛻變與突破─從哲學思潮與效度理論思考起, , ; 吳毓瑩, 1995, 開放教室中開放的評量：從學習單與檢核表的省思談卷宗評量, , ",,40,,2001,0,59,,"36","國立交通大學",
"吳信賢",,"非同步網路教學系統之發展及學習歷程檔案","國立臺灣師範大學","學習歷程檔案; 網路學習系統",,"本研究之目的在於建構一個內含學習歷程檔案（Learning Portfolio）功能的非同步網路教學系統，並評量該系統及其內含之學習歷程檔案在非同步網路教學系統的可用性。
           研究分成兩個階段，第一階段建構非同步網路教學系統雛型，經一學期系統測試後，修正系統，並找尋學習歷程檔案擬記錄的內容與方式。第二階段則在原系統中加入學習歷程檔案的功能，並進行一學期的測試，經問卷調查系統意見，使用者對系統的操作介面與操作流程都感到滿意，而以學習歷程當作評量學習成效的依據，則只有近六成的同學表示贊同。
           本研究的非同步網路教學系統已具可用性，但仍有幾個地方可以改進。在非同步網路教學系統方面，可加上教師的教學歷程檔案（teaching portfolio）、改善教材編輯系統的功能及加強討論區的功能。在學習歷程檔案方面，可加入自動判斷學習歷程是否符合學習目標的系統功能及較佳的學習歷程呈現方式。
","Taiwan","江文慈, 1998, 一個新評量理念的探討：多元智力取向的評量, , ; 洪明洲, 1999, 網路教學, , ; 林奇賢, 1999, 網路學習環境與虛擬學校的建構與應用-以探路者系統為例, , ; 莊啟國, 1999, 跨世紀學習新典範－網路學習平台, , ; 詹志禹, 1997, 評量改革為什麼要進行－回應吳毓瑩「評量的蛻變與突破」, , ; 歐滄和, 1997, 談學習歷程檔案法的點點滴滴, , ",,52,,1999,0,97,,"37","國立臺灣師範大學",
"童宜慧","Tung, Yi-Hui","網路化學習歷程檔案系統之建構與實施","淡江大學","檔案; 學習歷程檔案; 學習歷程檔案評量; 網路化學習檔案; 網路化學習歷程檔案; 評量; 全球資訊網",,"本研究旨在運用學習歷程檔案評量之概念，結合電腦與網路科技之特性及功能，設計及建構一在全球資訊網環境下之「網路化學習歷程檔案系統」（Web-Based Portfolio System, WBPS），並將系統實際於大學課程中實施使用，評估其功能與效果，及瞭解其對學生學習之影響。本研究採用文獻分析法、調查分析法、及系統開發法為主要之研究方法，並以「雛形法」（Prototyping）整合「資訊系統開發」與「教學系統設計」之概念，經過分析、設計、發展、實施、及評鑑五個階段，完成本系統之建構與開發，且綜整研究結果與經驗後提出：1.網路化學習歷程檔案系統之系統內涵與環境架構；2.網路化學習歷程檔案系統之設計方法與建構模式；3.網路化學習歷程檔案系統之教學運用策略與實施模式。
           經由系統實施與評鑑之結果發現：1.網路化學習歷程檔案系統之實施與使用對學生之學習過程有正面之影響；2.系統之設計建構應以完整呈現學生之學習歷程為首要原則；3.教師之即時回饋與評量工作執行困難；4.授課教師之參與及引導程度是系統能否發揮實際功效之關鍵；5.自動化記錄與管理功能是系統順暢運作之關鍵。
           另外，本研究依據研究結果，分別針對系統設計與開發人員、系統改進、系統實施、以及未來研究四方面提出相關建議，以作為系統後續發展與研究之參考。
","Taiwan","朱國光, 1998, 網路輔助學習環境之研究：系統實作之研究, , ; 江雪齡, 1995, 教學成效的依據─教學檔案的建立, , ; 吳清山, 1996, 實作評量, , ; 吳毓瑩, 1996, 評量的蛻變與突破─從哲學思潮與效度理論思考起, , ; 吳毓瑩, 1997, 我看、我畫、我說、我演、我想、我是誰呀？卷宗評量概念、理論、與應用, , ; 林奇賢, 1996, 全球資訊網輔助學習系統：網際網路與國小教育, , ; 林芳白, 1998, 歷程檔案輔助遠距實習輔導系統之建構, , ; 孫龍翔, 1998, 以虛擬實境展現實作評量之研究─建構主義理想之實現, , ; 張美玉, 1996, 歷程檔案評量再建構教學之應用：一個科學的實徵研究, , ; 張振成, 1997, 教學評量的新趨勢：實作評量與檔案評量, , ; 張清濱, 1996, 多元化的教學評量, , ; 莊明貞, 1996, 國小社會科教學評量的改進途徑─從「真實性評量」實施談起, , ; 莊明貞, 1998, 真實性評量在教育改革中的相關論題─一個多元文化教育觀點的思考, , ; 陳聖謨, 1998, 「檔案」在師資培育上的應用, , ; 湯清二, 1997, 另一種評量工具的選擇─學習檔案, , ; 黃秀文, 1996, 從傳統到變通：教學評量的省思, , ; 黃萬居, 1997, 談建構主義的自然科教學, , ; 劉淑雯, 1996, 平面與立體的歷程：兩性平等教育之卷宗評量, , ; 薛黎真, 1996, 談教學評量之改進, , ; 簡茂發, 1992, 教學方法與評量, , ",,42,,1999,0,149,,"38","淡江大學",
"蔣聞哲","WEN-CHE CHIANG","運用Moodle建立網路化學習歷程檔案之研究-以國小高年級藝術與人文領域為例","佛光大學","學習歷程檔案; 網路化學習歷程檔案系統; 藝術與人文領域",,"本研究旨在探討以Moodle（Modular Object-Oriented Dynamic Learning Environment）建立具「藝術與人文領域」特色之「網路化學習歷程檔案系統」發展策略與功能適用性，將其應用於國小藝術與人文領域教學對學生以提升學習成效，同時評估同儕互評與數位化科技工具融入教學對藝術與人文領域創作與鑑賞教學之效益。
在本研究中，運用Moodle發展之「藝術與人文領域網路化學習歷程檔案系統」－「藝術加油站Art Plus」，係依據ADDIE系統化教學設計模式之精神，將網站開發過程分為：分析、設計、發展、執行、及評鑑等五個階段，實施於國小六年級班級。透過Moodle豐富的課程活動模組與強大的Modules and plugins擴充模組功能設計建置之，使其符合藝術與人文領域之特性。「藝術加油站Art Plus」提供藝術與人文領域國小六年級台灣火車站建築之創作與鑑賞輔助教學鷹架，且實施同儕互評與數位化科技工具融入教學於藝術創作與鑑賞教學中，以網路化學習歷程檔案的方式記錄整個教學過程，並透過Moodle多樣的課程活動模組來收集學生的創作思考與作品、紀錄、儲存學生在藝術活動中學習的檔案與活動歷程。實施課程後，透過評鑑、訪談、心得札記評估本系統實施於藝術與人文領域教學與學習的成效。
依評鑑結果，研究者發現：以Moodle建立網路化學習歷程檔案系統「藝術加油站Art Plus」的收錄、回饋互動與互評功能在系統操作與適用性能符合學習者所需。其中，回饋互動是呈現滿意度較高的部分，可見學生經由網路化學習歷程檔案系統的學習鷹架、參與學習單、討論、製作、展示、票選、同儕互評等多樣的課程活動，逐步收集並建立自己的學習歷程檔案，透過WWW網際網路展示分享能獲得回饋，加以反思以增進藝術創作，有助於提升國小藝術與人文領域的學習成效。實施過程中發現：Moodle的同儕互評工作坊的自評與互評可提供教師評分的比較，減少評分的主觀性。教師藉由數位化資訊工具（快取圖案的立體化）的輔助，可幫助學生在設計與建構立體作品，增進藝術與人文領域的創作教學與鑑賞能力。綜合以上所述，以Moodle作為藝術與人文領域網路化學習歷程檔案系統的發展策略是有效的，值得在藝術與人文領域推展。
","Taiwan","江雪齡, 1995, 教學成效的依據─教學檔案的建立, , ; 李同立, 2002, 網路化學習歷程檔案在國小主題教學之研究, , ; 吳俊傑, 2003, 國小視覺藝術課程統整設計之初探, , ; 林奇賢, 1998, 網路學習環境的設計與應用, , ; 林珊如, 2001, 工業職業學校組合語言程式設計推行同儕互評的個案研究 ：互評效度及學生態度, , ; 岳修 , 2000,  電子化學習歷程檔案實施之態度研究, , ; 呂燕卿, 1999, 九年一貫「藝術與人文」課程綱要及實施原則, , ; 呂燕卿, 1999, 藝術與人文學習領域綱 與統整性互融式課程設計之觀念, , ; 張文山, 2001, 數位媒體設計課程網路化合作學習歷程檔案環境之建構 , , ; 張文山, 2003, 以視覺合作設計為基礎之數位學習模式：改善數位媒體設計課程的新方法, , ; 張美玉, 2000, 歷程檔案評量的理念與實施, , ; 張麗麗, 2000, 什麼樣的檔案才值得？談自主學習檔案的基本要素, , ; 張基成, 2000, 網路化學習歷程檔案系統之建構與評鑑─一個電子化的真實性學習評量工具, , ; 教育部, 2001, 國民小學九年一貫課程暫行綱要, , ; 教育部, 2003, 九年一貫課程：學習領域---藝術與人文, , ; 黃德祥, 1997, 同儕輔導的功能與推展, , ; 梁宗賀, 1999, 網路卷宗評量在國小電腦科教學之研究, , ; 童宜慧, 1999, 網路化學習檔案系統的建置與實施, , ; 邱貴發, 1998, 網路世界中的學習：理念與發展, , ; 湯清二, 1997, 另一種評量工具的選擇─學習檔案, , ; 楊淑惠, 2002, 數位化學習檔案系統建置之研究—以國小美勞課為例, , ; 溫嫻靜, 2003, 電子化學習歷程檔案系統在國小視覺藝術鑑賞課程教學與評量上的應用, , ; 陳得利, 2002, 網路化歷程檔案系統之設計與實作, , ; 陳聖謨, 1998, 「檔案」在師資培育上的應用, , ; 郭禎祥, 2002, 當代藝術教育的新方向, , ; 黃耿鐘, 2002, 網路學習檔案評量系統及學習檔案成效指標之研究, , ; 游光昭, 2003, 網路化學習歷程檔案與科技的學習, , ; 林敏慧, 2004, 快速建構網路教學平台的新方案：Moodle , , ; 顏榮泉, 1996, 全球資訊網在教學與學習上之應用探討, , ; 賴羿蓉, 2000, 簡介真實評量, , ; 沈中偉, 2004, 科技與學習－理論與實務, , ",,1,,2008,0,121,,"4","佛光大學",
"梁政良","Cheng-Liang  Liang","Web2.0服務應用於E化學習歷程檔案管理系統之設計與實作","國立中山大學","網路學習; 部落格; E化學習歷程檔案",,"隨著網際網路與寬頻的普及， 諸如Blog、Wiki、相簿、檔案資源庫等Web2.0服務的使用者亦越來越多，並且把網路學習的形態，從教學者帶領的模式，推至學習者自主的模式。另一方面，許多實施網路學習行之有年的單位，逐漸累積了為數龐大的學習者學習歷程檔案記錄，及教學者教學歷程檔案記錄。基於終身學習的理念，思考如何利用這些歷程檔案來幫助學習者在學習上有溫故知新、分享與反思，以及推銷自己等價值，便成了網路學習新階段的課題。E化學習歷程檔案管理系統，因應上述的需求而產生。但是在現行的系統中，普遍存在著三個問題，第一個問題是與教學管理系統類似或重疊性高；第二個問題是以開放原始碼軟體建置卻結構鬆散；第三個問題是未導入歷程檔案規格標準，侷限了歷程檔案的應用領域與生命期。本研究從目前現行的數個E化學習歷程檔案管理系統進行觀察，並訪談預計建置E化學習歷程檔案管理系統之單位承辦人，加上蒐集的資料文獻與自身研究、改進現行系統缺失，歸納了E化學習歷程檔案管理系統，應具有的基本功能，並且以時下最常被使用的Web2.0服務，搭配教學管理系統，遵循歷程檔案規格標準，來設計並實作E化學習歷程檔案管理系統。本研究以實驗法及觀察法，開放雛型系統試用，配合蒐集使用者回饋與專家訪談，歸納出E化學習歷程檔案管理系統，有別於學習管理系統之功能與架構。一個E化學習歷程檔案管理系統應著重於協助使用者蒐集、保存、分類、分享、並可依照不同學習歷程檔案的使用情境，為使用者迅速產生因時置宜之履歷表。也由於學習歷程檔案的豐富多元性，系統應提供使用者方便擴充使用功能之介面，以利從不同的管道中彙集豐富多元的學習歷程檔案，或是藉以持續開發管理E化學習歷程檔案之相關功能。
","Taiwan","陳得利 , 2002, 網路化歷程檔案系統之設計與實作, , ; 蔡旻芳 , 2001, 網路學習之學習歷程分析系統, , ; 林孟鴻 , 2001, 應用歷程檔案建立網路學習輔助機制, , ; 陳品仲 , 2002, 網路學習標準的分析與比較, , ; 陳年興, 1999, 網路教學系統之功能分析與實作, , ; 陳年興, 2001, 網路學習之學習行為與學習成效分析, , ; 連雅玲 , 2006, 教學網站學習者需求、使用與學習助益性之相關性研究, , ; 陳謙民 , 2007, 維基協同創作系統於教學上之研究, , ; 張基成, 2000, 網路化學習歷程檔案系統之建構與評鑑, , ; 張基成, 2000, 網路化學習歷程檔案之評鑑與效果分析之研究, , ; 黃耿鐘 , 2002, 網路學習檔案評量系統及學習檔案成效指標之研究, , ; 卓宜青 , 2000, 網路化學習歷程檔案系統及同儕評量, , ; 吳信賢 , 2000, 非同步網路教學系統之發展及學習歷程檔案, , ; 陳年興, 2006, 數位學習理論與實務, , ; 吳仁和 , 2007, 物件導向系統分析與設計, , ; 卓宜青, 2001, 網路化學習歷程檔案系統之設計及同儕評量, , ; 連士傑, 2006, 國內部落格(Blog)於教學上之應用, , ; 數位典藏工作組, 2007, 我國數位學習及數位出版典藏技術標準整體發展規劃報告, , ; 教育部公告 , , 在職進修新方式－數位學習碩士在職專班, , ; 梅興 , 2006, E-Learning2.0增強國家競爭力, , ; 蔡德祿 , 2005, 「IMS Alt-i-lab 2005」會議之出國報告, , ; 許凱平 , 2007, Web2.0專題報導, , ; 資策會, 2007, 我國家庭寬頻、行動與無線應用現況與需求調查--家戶連網應用, , ; 逢甲大學, , 逢甲大學數位化歷程檔案服務網, , ; 東華大學, , 東華大學電子履歷系統, , ; 東海大學, , 東海大學師培中心, , ; 實踐大學, , 實踐大學高雄校區電子學習履歷服務網, , ; 國立高雄師範大學, , 國立高雄師範大學學生學習歷程網站, , ; 南台科技大學, , 南台科技大學學習歷程部落格服務網, , ; 東吳大學, , 東吳大學教師歷程檔案, , ",,4,,2008,0,104,,"5","國立中山大學",
"林維倩","Wei-Chien Lin","數位化學習歷程檔案內涵與架構分析之研究","國立台北科技大學","數位化學習歷程檔案; 目錄; 內容項目; 檔案架構",,"學習歷程檔案具有目標化、歷程化、組織化、內省化等特質，學生必須有目的性地根據個人學習的過程，蒐集足夠的證據並加以規劃組織，以形成檔案的內容，並在過程中不斷地反省思考，以促使自己在製作與學習過程當中成為主動的學習者。而數位化學習歷程檔案則是「學習歷程檔案」與「多媒體發展」的結合，其在內容的選擇上除了原有對於學習歷程檔案的詮釋之外，理應藉重各種媒體的特性，加入更多的媒體資源、不同型式的資料等，以豐富其內容。因此，學生對於數位化學習歷程檔案內容項目的選擇、呈現以及有系統性的組織內容，更顯重要。
本研究旨在分析學生所製作之數位化學習歷程檔案之內涵項目與架構，並深入了解其檔案呈現格式、多媒體運用情形、主要項目、具體內涵，以及歸納數位化學習歷程檔案之目錄類型。
研究發現1.目前學生所製作之數位化學習歷程檔案之呈現方式，以PowerPoint居多；2.數位化學習歷程檔案必含有九大項主要內容項目，其中以呈現「成長或進步實例與證據」的學生最少；3.數位化學習歷程檔案內容項目內之資料內涵與呈現方式多元化，且多媒體的運用較偏重於靜態媒體；4.數位化學習歷程檔案的目錄類型，可分為「時間」、「課程單元」、「內容項目」、「作品」與「綜合型」目錄等五種，且學生較常使用「內容項目」、「作品」與「綜合型」目錄。
依研究結果針對實務應用與後續系統開發建議如下：
在實務應用數位化學習歷程檔案方面，應加強學生網頁與動態多媒體製作能力；「成長與進步實例證據」的蒐集有待提升；「半結構式」檔案適合進行評量，且擁有一定程度自主權。而在系統開發方面，「平台式」數位化學習歷程檔案的研發，具研究之必要性，並可參?本研究結果提供更廣泛與彈性的功能；而「半平台式」數位化學習歷程檔案系統之開發，則建議其系統所支援之上傳格式應更廣泛多元。
","Taiwan","王雅文, 2004, 網路化學習檔案導覽介面設計探討, , ; 王毓慧, 1998, 淺析檔案目錄的界面功能機電兵船檔案, , ; 王燕超, 2002, 多媒體, , ; 朱敬先, 1993, 教學心理學, , ; 朱麗麗, 2002, 視訊, , ; 何祖鳳, 1998, 網路教學系統評估準則之研究, , ; 吳芝儀, 1995, 質的評鑑與研究, , ; 吳毓瑩, 2004, 檔案評量載於教育測驗與評量, , ; 巫博瀚, 2004, 自我調整學習的理論與實踐, , ; 李坤崇, 2006, 教學評量, , ; 李政賢, 2006, 質性研究：設計與計畫撰寫, , ; 李隆盛, 2004, 學生學習檔案的5W1H, , ; 李世忠, 2002, 視覺媒體, , ; 李鴻亮, 2002, 聽覺媒體, , ; 岳修平, 2000, 電子化學習歷程檔案實施之態度研究, , ; 岳修平, 1998, 教學心理學：學習的認知基礎, , ; 岳修平, 2005, 實習教師歷程檔案於教育實習之應用, , ; 周秋潔, 2002, 教學媒體的使用, , ; 林菁, 2003, 網路教學的媒體呈現方式, , ; 林生傳, 2003, 教育研究法 全方位的統整與分析, , ; 林凱胤, 2006, 以Blog作為互動式學習歷程檔案平台之應用, , ; 姚奉緒, 2004, 學習檔案的製作與推展, , ; 胡隆坤, 1993, 開展檔案目錄交流是實現檔案資源共享的有效途徑, , ; 張美玉, 2000, 歷程檔案評量的理念與實施, , ; 張郁蔚, 2006, 檔案目錄使用研究議題之探析, , ; 張基成, 2000, 一個架構於全球資訊網上的電子化學習歷程檔案, , ; 張基成, 2001, 網路化學習歷程於師資培育課程之實施經驗及探討, , ; 張基成, 2003, 學習歷程檔案講義台北科技大學技術及職業, , ; 張添洲, 2004, X檔案—教學檔案．學習檔案, , ; 張德銳, 2006, 教學檔案對國小初任教師教學省思影響之研究, , ; 張麗麗, 2000, 「什麼樣的檔案才值得…？」─談自主學習檔案的基本要素, , ; 郭俊賢, 2000, 落實多元智慧教學評量, , ; 郭生玉, 2004, 教育測驗與評量, , ; 陳惠萍, 1999, 教學檔案在教師專業發展上之應用, , ; 鈕文英, 2007, 教育研究方法與論文寫作, , ; 游榮祥, 2002, 國小高年級自然科實施電子化歷程檔案之行動研究, , ; 葛品宏, 2002, 學習檔案－知識管理與建構的工具, , ; 潘淑滿, 2003, 質性研究理論與應用, , ; 劉明洲, 1999, 植基於概念構圖的適性化學習網頁結構分析與設計, , ; 鄭鼎耀, 2006, 網路資訊交換工具的發展趨勢與英語教學的應用：從Email、Chat room、Blog到Wiki, , ; 賴羿蓉, 2005, 歷程檔案評量之個案研究, , ; 賴俊龍, 2002, 電子檔案評量在生活科技教學上之應用, , ; 謝幸玲, 2003, 網路同儕評量回饋功能及自我調制歷程之研究, , ; 簡春安, 1998, 社會工作研究法, , ; 譚寧君, 2003, 一個有生命的評量機制－電子歷程檔案在國小數學教材教法課程的應用, , ",,1,,2007,0,71,,"6","國立台北科技大學",
"劉伍泰","Wu-Tai Liu","以資訊系統成功模式及科技接受模式探討學習歷程檔案下學生學習態度及學習成效之研究","大葉大學","網誌;學習歷程檔案; 合作學習; 科技接受模型; 資訊系統成功模式",,"由於網際網路的便利，近年來Blog已經成為網際網路上最熱門的運用之一，目前也已經開始擴展應用到教育學習當中。
    本研究藉由一個「以部落格化為基礎的網路合作學習歷程檔案系統(CSCL in Blog-based Portfolio System)」，提供優質學習環境讓教師與學生能不受時空環境的影響，進行教學溝通與合作學習。並運用科技接受模型加入資訊系統成功模式之外部變數做為研究架構之基礎，以探討學習者在以部落格化為基礎的網路合作學習歷程檔案系統中影響學習成效的關鍵因素。
    本研究透過問卷調查以立意抽樣方式進行實證研究，研究結果發現：(1)本研究之CSCL in Blog-based Portfolio System，可以有效探討影響學習者學習滿意度及學習成效的因素；(2)「認知有用性」是影響CSCL in Blog-based Portfolio System學習者學習滿意度之關鍵因素；「學習滿意度」是影響CSCL in Blog-based Portfolio System學習者學習成效之關鍵因素；(3)學習成效程度為：「學習滿意度高者」>「學習滿意度中者」>「學習滿意度低者」，顯示高度滿意之學習者比其他層次的學習者，易於在CSCL in Blog-based Portfolio System學習系統中有較佳之學習成效。
","Taiwan","朱瓊芳, 2006, 多元智慧取向的合作學習在國中籃球課程學習成效與態度之研究, , ; 林佩璇, 1992, 台灣省高級職業學校合作學習教學法實驗研究, , ; 黃政傑, 1996, 合作學習, , ; 鄭金昌, 2002, 合作學習與精熟學習在排球技能學習成效及學習反應之研究, , ; 王岱伊, 2002, 小組合作學習策略之研究, , ; 陳煥彬, 1997, 網路合作學習系統之規劃、建置與評估, , ; 王淑如, 1999, 教學新策略-網路合作學習, , ; 楊惠合, 2004, 以科技接受模型探討數位學習滿意度之研究, , ; 黃馨誼, 2005, 以科技接受模型探討應用Blog於學習者滿意度及知識分享意願之研究, , ; 晁瑞明, 2006, 應用Video Blog 於英語行動學習學習滿意度之研究, , ; 吳明隆, 2003, SPSS統計應用學習實務, , ; 方興東，劉雙桂，姜旭平, 2004, 博客（blog）與傳統媒體的競爭、共生、問題和對策：以博客（blog）?代表的個人出版的傳播學意義初論, , ; 方興東, 2004, 博客（blog）技術在教育領域的應用研究, , ; 林東清, 2002, 資訊管理：e化企業的核心競爭力, , ; 晁瑞明, 2006, Blog輔助情境學習下學習者滿意度及知識分享意願之研究─以科技接受模型及自我效能探討之, , ; 王秋華, 2001, 網路教學之學生學習行為與學習滿意度及學習績效的關係, , ; 王碧媜, 1999, 消費動機、服務品質與購後行為關係之研究—以大學推廣教育為例, , ; 何雍慶, 1995, 服務行銷領域顧客滿意模式及服務品質模式之比較研究, , ",,2,,2007,0,97,,"7","大葉大學",
"賴淑霓","Shu-Ni Lai","學習歷程檔案評量運用於國小六年級歌唱教學之研究","國立臺灣師範大學","學習歷程檔案評量; 音樂教學; 歌唱教學",,"考試與作業傳統上是學生學習狀況的評量方法，學生、家長、教師三者對學習狀況僅有量化的認知；檔案評量的發展對學生學習的評量產生新的思維，不再完全依賴考試成績，且不僅以成績為標的，可藉由檔案評量的方式，實際瞭解學生的學習情況，
歌唱教學注重誘發學生的知覺能力，是複雜的心理活動過程；本研究嘗試將檔案評量應用在歌唱的教學上，以質性個案研究之方式，並根據相關文獻建立音樂學習歷程檔案評量的內容，以音樂學習歷程檔案夾及與學生之訪談內容作為主要研究依據，輔以教學省思札記，及研究者以外的二位藝術與人文教師的觀察回饋等資料分析歸納，探討學生學習音樂的概況、教師在實施學習歷程檔案評量所面對的問題及解決之道及學生對學習歷程檔案評量的看法。
研究結果發現，（一）學生個別檔案夾內容包含檢核表、學習單、學生學習評量表等；（二）實施學習歷程檔案評量，確實可以協助研究者實際的瞭解學生的學習困難，並且提供學生學習成長的軌跡及瞭解個人需求；（三）相較於傳統的評量方式，六年級的學生肯定學習歷程檔案的評量方式。
","Taiwan","王文中, 1999, 教育測驗與評量－教室學習觀點, , ; 王真麗, 2000, 多元評量方式在統整和合科課程之運用, , ; 王若馨, 2006, 研究方法的基礎, , ; 田耐青, 1999, 由多元智慧理論的觀點談教學評量：一些台灣的實例, , ; 田麗娟, 2001, 國小自然科評量方式之行動研究─以學習歷程檔案評量為例, , ; 江雪齡, 1998, 檔案評量法, , ; 李坤崇, 1999, 多元化教學評量, , ; 呂燕卿, 1999, 簡介九年一貫「藝術與人文」課程綱要之理念與特色, , ; 何縕琪, 1997, 卷宗評量在教學上之應用, , ; 吳清山, 1997, 實作評量, , ; 吳毓瑩, 1996, 評量的蛻變與突破─從哲學思潮與效度理論思考起, , ; 吳毓瑩, 1998, 我看、我畫、我說、我演、我想、我是誰呀？卷宗評量概念、理論、與應用, , ; 吳裕益, 2000, 教學評量的新趨勢, , ; 吳鐵雄, 2000, 教學評量質變的反思與建言, , ; 林維佳, 2002, 實作評量在藝術與人文學習領域之運用研究, , ; 林小玉, 2001, 由藝術藝術之本質探討多元評量於音樂教學之意涵與實踐, , ; 林佩璇, 2000, 個案研究及其在教育研究上的應用, , ; 姚世澤, 2003, 現代音樂教育學新論, , ; 郭生玉, 2004, 教育測驗與評量, , ; 張春興, 1996, 教育心理學, , ; 徐惠珍, 2004, 藝術教育學習單在檔案評量策略應用之研究, , ; 范儉民, 1990, 音樂教學法, , ; 陳姿蘭, 2001, 一位幼稚園老師實施卷宗評量之研究, , ; 張統星, 1991, 音樂科教學研究, , ; 張振成, 1997, 實作評量與檔案評量, , ; 張麗麗, 2002, 評量改革的應許之地，虛幻或真實？談實作評量之作業與表現規準, , ; 張美玉, 1996, 歷程檔案評量再建構教學之應用：一個科學的實徵研究, , ; 張世忠, 2001, 九年一貫課程與教學, , ; 國科會, 2000, 評量設計手冊, , ; 教育部, 2003, 國民中小學九年一貫課程綱要, , ; 教育部, 2005, 藝術與人文學習領域六年級、九年級基本素養指標解說手冊, , ; 許馨文, 2005, 檔案評量在音樂教學上的應用：以國小三年級為例, , ; 莊敏仁, 2004, 班級檔案夾之製作過程研究, , ; 黃淑苓, 2002, 「學生為中心」的學習評量, , ; 黃光雄, 1990, 教育概論, , ; 湯清二, 1997, 另一種評量工具的選擇─學習檔案, , ; 單文經, 1998, 評介二種多元評量:真實評量與實作評量, , ; 曾吉雄, 1999, 新式評量─檔案評量, , ; 黎曉安, 2001, 檔案評量策略在視覺藝術課程實施之探討, , ; 賴美鈴, 2005, 音樂教育碩士學位論文之內容分析, , ; 歐滄和, 1996, 個人作品選集評量法, , ; 謝苑玫, 1999, 音樂課程的改革與創新, , ; 謝苑玫, 2000, 全觀而回饋豐富的音樂教學評量設計, , ; 謝苑玫, 2000, 音樂教學評量的反省與前瞻, , ; 謝苑玫, 2002, 國小四年級直笛教學評量的設計與實施, , ; 簡茂發, 1999, 多元化評量之理念與方法, , ",,1,,2007,0,135,,"8","國立臺灣師範大學",
"鄭淑君","JENG SHWU JIUN","運用學習歷程檔案評量培養學童自然科學習動機與後設認知能力之行動研究","國立屏東教育大學","學習歷程檔案評量; 學習動機; 後設認知; 行動研究",,"本研究主要採取行動研究的方式，以研究者任教的國小四年級一班學生為研究對象，進行為期一年的教學研究，探討在自然與生活科技領域之教學活動中，研究者運用學習歷程檔案評量的實施情形、如何克服教學過程中所遇到的問題和解決方法以及教師的專業成長與教學反思，並了解藉由學習歷程檔案評量是否能促進學童學習動機與後設認知能力的培養。研究者以教學錄影錄音、教師教學反思、撰寫研究日誌、學生的學習歷程檔案、非正式訪談等方式紀錄及蒐集有關教師及學生的資料，加以分析，完整呈現研究者在自然與生活科技領域中應用學習歷程檔案評量的真實情境。
研究結果發現：
一、應用學習歷程檔案評量於自然與生活科技領域的教學，其評量架構應由師生共同建構，在教學過程中納入學生的聲音，不斷的再反思、再修正，達成教學評量的目標。
二、透過學習歷程檔案評量提供了師生更多的溝通管道，有助於教師瞭解學生的學習狀況，找出教師教學的盲點，幫助教師改善教學。對學生而言，不僅是具體的學習紀錄，亦可使學生從中得到自我反思的依據，反省自己什麼地方該改進，明白自己的成長。
三、運用學習歷程檔案評量，學生在「學習動機」、後設認知之「自我調整」與「自我評鑑」向度的表現較顯著，但在「計劃策略」向度的表現較弱。
最後，根據研究結果對教學者與未來研究提出具體建議，以供後續研究之參考。
關鍵詞：學習歷程檔案評量、學習動機、後設認知、行動研究
","Taiwan","丁春蘭, 2003, 國小學童乘除問題的解題表現、後設認知與認知型式之分析研究, , ; 王雅玄, 1998, 建構主義??與教學實證研究, , ; 王文中, 1999, 教育測驗與評量－教室學習觀點, , ; 王靖璇, 2000, 專題導向科學學習之教學研究：以國中學生學習「彩虹」為例, , ; 田耐青, 2002, 開啟多元智能, , ; 田麗娟, 2001, 國小自然科評量方式之行動研究─以學習歷程檔案評量為例, , ; 江雪齡, 1998, 多元文化教育, , ; 辛慶偉, 1998, 國小自然科卷宗評量建構效度之研究, , ; 余民寧, 1997, 教育測驗與評量：成就測驗與教學評量, , ; 呂素美, 2003, 啟動孩子的學習Power , , ; 李心瑩, 2000, 再建多元智慧：21世紀的發展前景與實際應用, , ; 李平譯, 1997, 經營多元智慧：開展以學生為中心的教學 , , ; 李玉玲, 2001, 國小六年級「水資源教育」實施檔案評量之行動研究, , ; 李明芬, 1997, 影響超媒體學習的關鍵因素：態度與後設認知的評估, , ; 李清韻, 2003, 國小六年級學生數學溝通能力與後設認知能力之相關性研究, , ; 李坤崇, 1999, 多元化教學評量台北, , ; 李暉, 1993, 國中理化教師試行建構主義教學之個案研究, , ; 李美奇, 2005, 歷程檔案評量對國小學生自然與生活科技領域學習成就之研究, , ; 汪榮才, 1990, 國小六年級資優生與普通生在數學解題中之後設認知行為, , ; 何東墀, 1996, 後設認知策略教育對國小閱讀障礙學童閱讀理解成效之研究, , ; 幸曼玲, 1996, 皮亞傑與維高斯基的對話, , ; 吳明隆, 2001, 教育行動研究導論理論與實務, , ; 吳清山, 1997, 卷宗評量, , ; 吳芝儀, 1995, 質的評鑑與研究, , ; 吳毓瑩, 1995, 開放教室中開放的評量：從學習單與檢核表的省思談卷宗評量, , ; 吳毓瑩, 1998, 我看、我畫、我說、我演、我想、我是誰呀？卷宗評量概念、理論、與應用, , ; 吳毓瑩, 1999, 卷宗評量, , ; 吳國業, 2001, 主題統整課程對國小學童自然科學習動機之影響, , ; 林清山, 1994, ：國中生代數應用題教學策略效果之評估, , ; 林曉雯, 2003, 自然與生活科技教學評量的基本理念, , ; 林素微, 2000, 數學科評量的新願景：談多元評量, , ; 林蕙蓉, 1995, 國小學童後設認知策略教學對國語科閱讀理解效能之研究, , ; 林建平, 1997, 學習輔導理論與實務, , ; 邱上真, 1989, 後設認知研究在輕度視障者教學上的應用, , ; 邱連煌, 1998, 從多元智能論談學生智能的啟發, , ; 岳修平, 1998, 教學心理學：學習的認知基礎, , ; 房昔梅, 2003, 小學高年級教師實施討論式數學教學之行動研究, , ; 段曉林, 2001, 科學學習動機問卷的效化研究, , ; 胡永崇, 1994, 後設認知策略教學對國小閱讀障礙學童閱讀理解成效之研究, , ; 封四維, 1999, 多元智慧教學之實踐－一個教師的行動研究, , ; 范毓娟, 1995, 在國中理化課程中試行建構主義教學之個案研究, , ; 施婉菁, 1999, 卷宗評量中師生觀點的展露─以國小自然科為例, , ; 柯啟瑤 , 2001, 自我評量和交互評量的意義與功能, , ; 洪碧霞, 2000, 國小數學學習不利學童學習成長與工作記憶特徵之探討, , ; 洪琮琪, 2002, 網路出題與合作學習對學習成效之影響, , ; 徐瑋伶, 2003, 工作動機之研究回顧與前瞻應用, , ; 涂金堂, 1995, 國小學生後設認知、數學焦慮與數學解題表現之相關研究, , ; 秦麗花, 2000, 教師行動研究快易通, , ; 莊雪芳, 2003, 高三學生後設認知、生物科自我概念與生物能力之研究, , ; 莊裕庭, 2002, 國二高低數學成就學生解題之後設認知個案研究, , ; 莊安祺, 1998, 7種IQ, , ; 莊民真, 1995, 國小社會科教學評量的改進途徑─從「真實性評量」實施談起, , ; 莊嘉坤, 1992, 從態度的理念談科學態度的研究, , ; 陳密桃, 1990, 兒童和青少年後設認知發展及其教學之效果分析, , ; 陳李綢, 1992, 國小男女生後設認知能力與數學作業表現的關係研究, , ; 陳江松, 1999, 多元評量, , ; 陳秀宜, 1998, 國小啟智班學生自我概念成長之歷程分析－透過卷宗評量的方式, , ; 陳秀枝, 2005, 以歷程檔案評量探究國小三年級學童「植物構造與特性」相關概念的概念學習, , ; 陳瓊森, 1999, 超越教化的心靈, , ; 陳佩正, 2001, 多元智慧融入教學與領導─ 新城小學的發展歷程與現身說法, , ; 陳麗華, 1996, 美國社會科課程標準, , ; 張文華, 1995, 科教革新中評量理念的重建, , ; 張美玉, 1996, 歷程檔案評量再建構教學之應用：一個科學的實徵研究, , ; 張美玉, 2000, 歷程檔案評量的理念與實施, , ; 張美玉, 2001, 從多元智能的觀點談檔案歷程評量在教育上的應用, , ; 張春興, 1991, 現代心理學, , ; 張春興, 1996, 教育心理學-三化取向的理論與實踐, , ; 張淑娟, 1997, 高一學生後設認知能力與數學解題能力關係之研究, , ; 張景媛, 1990, 後設認知能力與資優教育, , ; 張景媛, 1994, 國中生數學學習歷程統整模式之研究, , ; 張新仁, 1992, 國中地理學習之後設認知研究, , ; 張惠博, 2000, 科學學習的評量理念, , ; 張稚美, 2000, 落實多元智慧評量是對心智習性的一大挑戰, , ; 張寶珠, 1992, 後設認知訓練團體對國中英語低閱讀能力學生之輔導效果研究, , ; 張中外, 2005, 以歷程檔案評量探究國小五年級學童「熱」教學單元的概念學習, , ; 張志全, 2003, 動機策略與電腦焦慮對國小六年級學童社會科網路學習動機的影響, , ; 許淑萍, 2002, 國小學生成除法表徵能?與後設認知相關之研究, , ; 許榮富, 1995, 當今科學概念發展研究賦予科學學習的新意義, , ; 連志龍, 2004, 融入歷程檔案評量探究國小五年級自然與生活科技領域教學單元之研究, , ; 教育部, 1993, 國民小學課程標準, , ; 教育部, 2000, 九年一貫課程自然與生活科技領域課程綱要, , ; 甯自強, 1993, 國小數學科新課程的精神及改革動向-由建構主義的觀點來看, , ; 郭美如, 1999, 後設認知的教學成效及其相關變數之分析－以小六及國一數學資優生為對象, , ; 郭重吉, 1992, 從建構主義的觀點探討中小學數理教學的改進, , ; 郭重吉, 2004, 迎接二十一世紀的科學教育建構與教學, , ; 郭俊賢, 2000, 落實多元智慧教學評量, , ; 郭靜芳, 1997, 國小資優生後設認知與推理思考能力相關之研究, , ; 郭靜姿, 1992, 閱讀理解訓練方案對於增進高中學生閱讀策略運用與後設認知能力之成效研究, , ; 郭靜姿, 1994, 不同閱讀能力學生成敗歸因方式、策略運用與後設認知能力之差異比較, , ; 梁源, 2003, 「學習歷程檔案」於國一資優生自然科教學之應用及與後設認知關聯之探討, , ; 梁青惠, 2005, 後設認知策略在高商會計學課程教學之探討, , ; 梁雲霞, 2000, 多元智慧和學生成就－六所中小學的成功實例, , ; 黃文三, 1997, 從認知心理學的立場談知識的角色與後設認知, , ; 黃月平, 2004, 國小學童分?乘除文字題表徵轉換能?與後設認知之研究, , ; 曾望超, 2004, 國小教師創意教學與學生後設認知能力、創造力及問題解決能力之相關研究, , ; 詹志禹, 1996, 認識與知識：建構論VS.接受論, , ; 詹寶菁, 1998, 國小教師在社會科實施案卷評量之詮釋性研究：評量革新與教師改變, , ; 楊幸真, 2004, 看見學生、看見自己—再思女性主義教室中的權力與權威, , ; 楊莉玲, 2003, 學習歷程檔案評量對國一學生自然與生活科技領域學習動機之影響, , ; 楊芷芳, 1994, 國小不同後設認知能力兒童的閱讀理解能力與閱讀理解策略之研究, , ; 楊龍立, 1999,  科學教導學—自然科教材教法, , ; 葉和滿 , 2002, 不同入學管道的高中的學習動機、學習策略與學業成就之研究, , ; 葉淑綾, 2005, 高雄市國小學童鎖匙後設認知與自然與生活科技自我概念之研究, , ; 歐雅萍, 2002, 國小學童設計實驗能力與後設認知能力之相關研究, , ; 蔡天民, 2002, 概念構圖對國小學童自然科學習成就、學習態度及概念改變之研究, , ; 蔡美芳, 2003, 國小學生校外才藝學習及其創造力、認知型式與數學後設認知相關之研究, , ; 蔡美華, 2003, 行動研究法, , ; 蔡清田, 2003, 教育行動研究, , ; 蔣恩芬, 2000, 學習動機相關因素探討與學習動機方案成效研究, , ; 黎萬興, 2004, 運用歷程檔案評量於偏遠國小自然科教學之行動研究, , ; 鄭夙珍, 2002, 網路合作學習在師資培育課程的應用實例, , ; 鄭昭明, 1993, 認知心理學, , ; 鄭守杰, 2003, 網路同儕互評對國小學童學習成效之影響, , ; 劉珀伶, 2003, 歷程檔案式評量在教學上的運用, , ; 劉淑雯, 1996, 平面與立體的歷程：兩性平等教育之卷宗評量, , ; 劉美吟, 2006, 高年級學童在專題學習課程中自然科學習動機及問題解決能力之探討, , ; 謝祥宏, 1999, 國小自然科實施多元化評量對學生學習之研究, , ; 甄曉蘭, 1995, 合作行動研究─進行教育研究的另一種方式, , ; 薛宏宜, 2004, 沿海地區國二學生解題之後設認知個案研究, , ; 簡茂發, 1995, 學習評量的新趨勢, , ; 簡茂發, 1999, 多元化評量之理念與方法, , ; 簡惠燕, 2000, 國小學童在科學問題解決過程中創造力與後設認知知相關研究, , ; 鄒慧英, 1997, 實作型評量的品管議題 ─兼談檔案評量之應用, , ; 鄒慧英, 2000, 多元化的評量檔案, , ; 廖慧雯, 2003, 自然與生活科技課程實施學習歷程檔案評量之行動研究, , ; 盧雪梅, 2002, 學習檔案的理念與應用, , ; 戴翠華, 2000, 運用「檔案評量」在自然科實際教學之研究, , ; 戴君佩, 2000, 國民小學自然科案卷評量對三年級學生學習動機之影響, , ; 魏麗敏, 1995, 後設認知學習理論與策略, , ; 羅友任, 2003, 國小高年級學生機率解題的後設認知與溝通表現之相關研究, , ",,3,,2007,0,181,,"9","國立屏東教育大學",
